:020000040800F2
:1000000018AE002051020008C5460008D13C000887
:100010000146000859170008955300080000000029
:1000200000000000000000000000000095490008EA
:100030002F19000800000000D9470008C552000829
:100040006B0200086B0200086B0200086B020008DC
:100050006B0200086B0200086B0200086B020008CC
:100060006B0200086B0200086B0200086B020008BC
:100070006B0200086B0200086B0200086B020008AC
:100080006B0200086B0200086B0200086B0200089C
:100090006B0200086B0200086B0200086B0200088C
:1000A0006B0200086B0200086B0200086B0200087C
:1000B0006B0200086B0200086B0200086B0200086C
:1000C0006B0200086B0200086B0200086B0200085C
:1000D0006B0200086B0200086B0200086B0200084C
:1000E0006B0200086B0200086B0200086B0200083C
:1000F0006B0200086B0200086B0200086B0200082C
:100100006B0200086B0200086B0200086B0200081B
:100110006B0200086B0200086B0200086B0200080B
:100120006B0200086B0200086B020008151800083B
:100130006B0200086B0200086B0200086B020008EB
:100140006B0200086B0200086B0200086B020008DB
:100150006B0200086B0200086B0200086B020008CB
:100160006B0200086B0200086B0200086B020008BB
:100170006B0200086B0200086B0200080000000020
:100180006B0200086B02000800F002F800F050F863
:100190000AA090E8000C82448344AAF10107DA45E2
:1001A00001D100F045F8AFF2090EBAE80F0013F0E4
:1001B000010F18BFFB1A43F001031847582501002F
:1001C00078250100103A24BF78C878C1FAD85207C0
:1001D00024BF30C830C144BF04680C6070470000C1
:1001E0000023002400250026103A28BF78C1FBD840
:1001F000520728BF30C148BF0B607047662906F020
:100200008C85642900F02681002070471FB506F018
:100210007AFD9DE8030000F027FA00F0F1FC0400ED
:100220000020002105F0B6FFE0601FBD10B510BD35
:1002300000F008FE1146FFF7E9FF05F05FFF00F050
:1002400026FE03B4FFF7F2FF03BC00F097FE0000A8
:100250000948804709480047FEE7FEE7FEE7FEE75A
:10026000FEE7FEE7FEE7FEE7FEE7FEE70448054996
:10027000054A064B704700008153000889010008B9
:1002800018A2002018AE002018A6002018A60020F2
:1002900070B5064600F0CCF9056806F10B0020F0B9
:1002A0000704B4429CBF002070BD2B466A68BAB1F7
:1002B0001068A04210D304F1080188423CBF506886
:1002C000586007D35168101941601168091B01601B
:1002D00058601460101D70BD13465268002AE7D1A3
:1002E0002146284600F0ACF90028DED170BD70B57B
:1002F0000446051F00F09CF90068002C14BF4468F8
:1003000070BD002C18BFAC423CBF20466468F8D3D7
:1003100001680A18AA4218BF456003D12A68054639
:100320001144016028684119A1421CBF6C6070BD76
:100330006168696021680844286070BD53EA020C56
:1003400000F069802DE9F04B4FF00006002B1FBF35
:10035000B3FA83F503FA05F424FA05F65E4012BFFA
:100360001643B2FA82F502FA05F4C5F120051EBF64
:1003700022FA05FC44EA0C04203556EA044C4FEA04
:10038000144418BF641C4FF000084FF0000990425D
:1003900071EB030C39D3002919BFB1FA81F701FAC7
:1003A00007F6B0FA80F700FA07F6C7F120071EBF7C
:1003B00020FA07FC46EA0C062037B6FBF4FCA7EB54
:1003C0000507103F07F01F0BCBF120060CFA0BFBC3
:1003D0002CFA06F644BFB3460026202FA4BF5E4683
:1003E0004FF0000B5BEA060C08BF4FF0010B19EB56
:1003F0000B09ABFB027C48EB0608C01B06FB02CCDA
:100400000BFB03CC71EB0C01C1E70B4602464146E6
:100410004846BDE8F08B13B54FF000004FF00001E7
:10042000AFF30080BDE81C40704700000FB41CB55E
:10043000074B06AA7B4469460090059800F0C3FB71
:100440000020694600F0D2FB1CBC5DF814FB0000E4
:10045000B50700002DE9F041064600241068752913
:10046000314616A510D0AFF30080002802DA4042D2
:1004700013A507E031688A0701D512A502E04907F4
:1004800004D511A5012401E0AFF3008000210A2268
:1004900006F1240709E0B0FBF2FCB0FBF2F302FB2B
:1004A0001C00303078541846491C0028F3D12346EC
:1004B0002A463046BDE8F04100F017B900000000C0
:1004C0002D0000002B000000200000002DE9F04767
:1004D0004FF0000A89460446C0F820A02046E16893
:1004E0008847002876D0252806D0D4E901219047F6
:1004F000206A401C2062F1E7E16820460025884719
:10050000C4F81CA006460027C4F818A02A2E09D05B
:10051000304605F0EBFD38B304EB8708303EC8F8F1
:10052000186019E059F8041B204604EB870291611A
:10053000E1688847012F064618D1E069002820DAD3
:1005400025F020051DE0D8F8180000EB800006EB30
:1005500040003038C8F818002046E1688847064651
:1005600005F0C4FD0028EED1012F0AD02E2E08D1AF
:100570002046E16888477F1C0646022F45F020058B
:10058000C4DBA069002803DA404245F00105A06100
:10059000E80701D025F01005B6B1A6F141001928F1
:1005A00002D8203645F400654A463146204625608B
:1005B0004D46FFF723FE58B1012806D0ED1D25F06A
:1005C000070000F1080989E704E005F1040985E75F
:1005D00030468AE7206ABDE8F0874FF0000200B598
:1005E000134694469646203922BFA0E80C50A0E856
:1005F0000C50B1F12001BFF4F7AF090728BFA0E804
:100600000C5048BF0CC05DF804EB890028BF40F8CF
:10061000042B08BF704748BF20F8022B11F0804F11
:1006200018BF00F8012B70477047704770470000F3
:1006300000487047C0A1002070477047704770475E
:1006400038B504460A4600206946AFF3008000280A
:1006500008BF38BD02460099204600F0D9FA0120B3
:1006600038BD012000F0E6BBF8B5AFF300800546C9
:1006700000200C46102000BF0646A819A0420DD944
:10068000324669460020AFF30080070008BF00F043
:10069000D1FB0098A04218BF0546C419FFF7C8FF58
:1006A00005600746F01D20F007004619284600F0B7
:1006B0000AF8B44208BFF8BDA21B31463868BDE84D
:1006C000F84000F0A5BA00210160C0E901107047B0
:1006D0001020704710B500F097FA006810BD10B5F3
:1006E000044600F091FA046010BD2DE9F0470D4674
:1006F00099469246044600F124080168880604D50C
:10070000E06921F01001216000E00120A84201DD34
:10071000471B00E00027A1697A1902EB0900081ABB
:10072000A0612078C00602D42046AFF300800026E6
:1007300008E0D4E901211AF806009047206A401C1D
:10074000761C20624E45F4DB2078C0060AD5204690
:10075000AFF3008006E0D4E9012130209047206A01
:10076000401C2062381EA7F10107F4DC07E0D4E941
:10077000012118F805009047206A401C2062281EBD
:10078000A5F10105F3DC2046AFF3008020780006D8
:1007900002D50220BDE8F0870120FBE770472DE974
:1007A000FF4F0C461E464FF0FF378BB0D2E90001D9
:1007B000DDF860800A908A46C1F30A5505B93D46C6
:1007C000002108464FF00000BAF1000F00F440008D
:1007D00005DA00EB80004FF4400101EA50004FEAD7
:1007E0009059B9F1010F00DDB9460A9850EA4A0064
:1007F0000ED044F61050A5F2FF3545432F14B8F142
:10080000000F1ED07542291E1EDDC9F100021CE03A
:10081000B8F1010F4FF0000001D0302103E0F243A6
:1008200005E02154401CB042FBDB30460022002191
:1008300021540B99C1F80880C1E900200FB0BDE830
:10084000F08FBD1B6D1CDEE74A4600DA694206A840
:1008500000F07EFA06AB93E8070003AB83E80700DD
:1008600050460A9900F0B0FB8DE80700A0F5005053
:100870001F3800900398002D0ADD42F21F014A46FE
:100880000844002303A90390684600F019FE09E01C
:10089000A0F500504A461F38002303A9039068467C
:1008A00000F023FE8DE807000004000C03D04FF099
:1008B000FF30410800E01046B8F1000F03D00022DD
:1008C000009215461EE0751E05D400F0BBF93032CB
:1008D00062556D1EF9D5B3460122084302D00022AD
:1008E0007F1C04E02078302801D100227F1E002ADE
:1008F000099784D01DE0112D07DA00F0A3F93032FA
:1009000062556D1C50EA0102F5D1084302D00098EF
:10091000C8B10EE00021681E05E0235C625C6354F0
:100920002254401E491C8142F7DBAB46A81B401EE7
:100930000990002004F80B000B98099AC0F8088071
:10094000C0E9002B7AE711264FF0000857E72DE9A0
:10095000F04F88460446D21D22F0070191B0D1E93C
:100960000001CDE90A0104F083FD02460B98C00F97
:1009700001D02D2007E02068810701D52B2002E05F
:10098000202101EAC000032A099001D0072A05DBD3
:1009900003464146204600F09BF90BE12078800693
:1009A00001D5E06900E00620B8F1650F814606D068
:1009B000B8F1660F18D0B8F1670F70D131E00020A0
:1009C000B9F1110F009001DB112301E009F10103DE
:1009D0000AAA01A90CA8FFF7E2FEDDE90C700026C7
:1009E00009F10105834647E001204B4600904FF096
:1009F00000470AAA01A90CA8FFF7D1FEDDE90DB056
:100A00000C995D46002610B909F101000D18B9EBEB
:100A1000050003D4C0F1FF3609F10105A5EB09007B
:100A20002BE0B9F1010F01DA4FF001090020B9F113
:100A3000110F0090484601DD112300E003460AAA89
:100A400001A90CA8FFF7ABFEDDE90C704D460026AE
:100A50008346207800070AD4AB4500DA5D4601A83A
:100A6000012D04DD411911F8011C302907D04F4533
:100A700002DA17F1040F04DA012082460FE06D1E3E
:100A8000EEE7002F02DCED1B3E4403E0781CA84299
:100A900000DD7D1CB81B00F1010A4FF000472078F3
:100AA000000703D4AA4501DB4FF0FF3A0021B7F15C
:100AB000004F0DF143088DF8431024D002202B2362
:100AC000002F01DA7F422D230A21021EA0F101002E
:100AD00000DC5FB197FBF1FC97FBF1F201FB1C7CA2
:100AE00017460CF1300C08F801CDEEE7A8F1010033
:100AF00003702188090501D5452100E06521A0F199
:100B0000010800F8011C09980FA9A1EB0807FF1DB7
:100B100000B10120411901EBEA70A1693844081ABB
:100B2000401EA0612078C00602D42046AFF30080AA
:100B3000099828B1D4E901219047206A401C20621D
:100B40002078C00622D52046AFF300801EE0002E9C
:100B500004DBB34502DD01A8805D00E03020D4E96C
:100B600001219047206A401C2062761CAAF10100F6
:100B70005FEA000A0AD100F043F8C0680168405CEF
:100B8000D4E901219047206A401C2062281EA5F16B
:100B90000105DCDC07E0D4E9012118F8010B9047DE
:100BA000206A401C2062381EA7F10107F3DC2046B2
:100BB000AFF30080032011B041E6000001694A1C38
:100BC00002610878704700B58FB0CDE9013100218E
:100BD000059105497944CDE9031011466846FFF7B0
:100BE00075FC0FB000BD0000E5FFFFFF0A6802F8CA
:100BF000010B0A607047000000487047B8A1002050
:100C000000487047D8A1002000487047B8A10020D4
:100C1000034640688C46002818BF88423CBF034604
:100C20004068F8D318681844884207D00CF10300D4
:100C300020F00700001D411A521A0146081D0A60E3
:100C4000FFF755BB30B5B0F10A024FEA900E71F1D3
:100C500000034EEA817EB0EB0E0061EB91014FEA9A
:100C6000101E4EEA017E10EB0E0041EB11114FEA0F
:100C7000102E4EEA016E10EB0E0041EB11214FEAEF
:100C8000104E4EEA014E10EB0E0041EB11414018A0
:100C900041F100014FEAD00040EA41704FEAD10132
:100CA00010EB80054FEA810444EA907444EB0104A0
:100CB0006D1944EB0404521BA3414FF0000348BFDD
:100CC0000A3200D530BD401C41F1000130BD0000AA
:100CD0002DE9F0411F46044603260168072A01F466
:100CE000006004DB08B116A505E016A503E008B115
:100CF00015A500E015A521F010002060A069C01E18
:100D0000A0610FB1401EA0612046AFF300804FB13B
:100D1000D4E9012138469047206A401C2062C01C5B
:100D2000206206E0206AFAE7D4E9012115F8010BF8
:100D30009047761EF8D22046AFF30080BDE8F081E0
:100D40004E414E006E616E00494E4600696E66006F
:100D50002DE9F047814616468AB0354878440DC8DB
:100D60008DE80D0032487844801C03AC0DC884E83F
:100D70000D0041F69B300844372190FBF1F290FBC7
:100D8000F1F5A5F1800501FB12041B3C02D564427C
:100D9000012000E00020DFF898A080460027FA44F8
:100DA000AAF1BE0A0EE0E0070AD03246684607EB19
:100DB000470101230AEB810100F097FB8DE8070052
:100DC00064107F1C002CEED1194F7F44AE3F19E018
:100DD000E80715D007EB04100DF1180A90E80E0093
:100DE0008AE80E00C068F04201D198190890324696
:100DF000012306A903A800F078FB03AB83E80700F2
:100E00006D10641C002DE3D14FF00103324669469A
:100E1000B8F1000F03A802D000F052FB01E000F08F
:100E200064FBC9E90001C9F808200AB0BDE8F087F1
:100E30009C19010010B500F039F8BDE8104000F031
:100E40002FB870477546FFF7D7FEAE4605006946D6
:100E5000534620F00700854618B020B5FFF706FA84
:100E6000BDE820404FF000064FF000074FF00008AB
:100E70004FF0000B21F00701AC46ACE8C009ACE82C
:100E8000C009ACE8C009ACE8C0098D46704710B590
:100E90000446AFF300802046BDE81040FFF7D1B90B
:100EA000002801D000F06AB87047000010B5012892
:100EB00005D0002103A000F067F8012010BD09A1B2
:100EC000F8E7000053494752544D454D3A204F75BD
:100ED00074206F662068656170206D656D6F727932
:100EE000000000003A2048656170206D656D6F72EA
:100EF0007920636F72727570746564004FF0013C05
:100F000050F8042B51F8043B9A4221D1A2EB0C0378
:100F1000934313EACC1317D150F8042B51F8043B38
:100F20009A4215D1A2EB0C03934313EACC130BD1D5
:100F300050F8042B51F8043B9A4209D1A2EB0C0360
:100F4000934313EACC13DBD04FF00000704700BF8F
:100F5000D01A01BAB1FA81F101F0180122FA01F0B8
:100F6000CB40C1F12001DBB2C0B2C01A2CFA01F3B0
:100F7000D11A914311EAC311E6D1704701491820F3
:100F8000ABBEFEE72600020070B505460C460A20FF
:100F900000E06D1C00F011F835B128780028F8D178
:100FA00002E0641C00F009F814B120780028F8D1A0
:100FB000BDE870400A20AFF3008008B569468DF89F
:100FC00000000320ABBE08BD5FEA400C08BF91F0F3
:100FD000000F4FEA8C234FEAC12243EA51514FEAF6
:100FE0001C5018BF00F5F0404FEA300018BF41F028
:100FF00000415FEA6C5C00F02980BCF1FF3F08BF54
:1010000040F080407047130C06BF12044FF0100CE4
:101010004FF0000C130E04BF12020CF1080C130F5A
:1010200004BF12010CF1040C930F04BF92000CF1E9
:10103000020CD30F04BF52000CF1010C11464FF00B
:101040000002A0F11F00A0EB0C00704711F0004F50
:1010500008BF704731F000413FF4D5AF0B0C06BF1D
:1010600009044FF0100C4FF0000C0B0E04BF0902E6
:101070000CF1080C0B0F04BF09010CF1040C8B0FD1
:1010800004BF89000CF1020CCB0F04BF49000CF126
:10109000010CCCF12003A0EB0C0022FA03F302FABE
:1010A0000CF241EA030100F10100704720F07F4C8F
:1010B00080EA030023F07F47ACEB070303F57C5382
:1010C00000F0004003F1FF032DE980494FEA154B82
:1010D00009B44FEA144325EA0B4E24EA03480FF201
:1010E000042606EB132749083E785FEA320203FB29
:1010F0000667C7F5000707FB06F64FEA54374FEAC5
:10110000D64606F1020607FB066CCCF1005C4FEAFE
:101110001C472CEA074C07FB06F40CFB06F504EB16
:1011200015464FEA961634BF00204FF000404FEAB4
:10113000D13706FB07FC4FEA1C4C0CFB0BF7D21B0C
:1011400003FB0CF761EB07010CFB0EF7B0EB07405C
:1011500072EB17420CFB08F734BFA2EB0742B2EB6D
:10116000074261EB17414FEA0C444FEA910706FB37
:1011700007FC4FEA1C4C0CFB0BF7B0EBC74072EBC3
:10118000573203FB0CF734BFA2EBC742B2EBC742A6
:1011900061EB57310CFB0EF7B0EBC70072EB5772E7
:1011A0000CFB08F734BFA2EBC702B2EBC70261EB3E
:1011B0005771039F4FEA816141EA921104EBCC041D
:1011C0004FEAD1374FEA826206FB07FC42EA9012EF
:1011D0004FEA80604FEA1C4C0CFB0BF7D21B03FB61
:1011E0000CF761EB07010CFB0EF7B0EB074072EB5D
:1011F00017420CFB08F734BFA2EB0742B2EB0742E1
:1012000061EB17414FEA8C554FEA910704EB9C24A0
:1012100006FB07FC4FEA1C4C0CFB0BF7B0EBC7407E
:1012200072EB573203FB0CF734BFA2EBC742B2EBB1
:10123000C74261EB57310CFB0EF7B0EBC70072EB06
:1012400057720CFB08F734BFA2EBC702B2EBC70220
:1012500061EB577115EB4C254FEA816141EA921120
:101260004FEA82624FEAD13742EA901206FB07FC4E
:1012700044F100044FEA80604FEA1C4C0CFB0BF772
:10128000D21B03FB0CF761EB07010CFB0EF7B0EB75
:10129000074072EB17420CFB08F734BFA2EB074282
:1012A000B2EB074261EB174115EB1C154FEA813198
:1012B00041EA92414FEA823242EA90424FEA80305C
:1012C0004FEA0C7644F1000448EA03434EEA0B4827
:1012D0004FF0000EB2EB080C71EB030724BF62461F
:1012E00039464EEB0E0E4FF0000B001852414941AB
:1012F0004BEB0B0BB2EB080C71EB03077BF1000B14
:1013000024BF624639464EEB0E0E4FF0000B00181C
:10131000524149414BEB0B0BB2EB080C71EB03074D
:101320007BF1000B24BF624639464EEB0E0E51EAAC
:10133000020718BF46F0010616EB0E7655F10002C3
:1013400054F1000103D5BDE88901BDE80088BDE87E
:101350008901BDE80048B619524141EB0101A3F1F2
:101360000103704780807F7E7D7C7B7A79787776F9
:1013700076757473727171706F6E6E6D6C6C6B6A72
:101380006A69686867666665646463636261616010
:10139000605F5F5E5E5D5D5C5C5B5B5A5A5959588D
:1013A00058575756565555555454535352525251F7
:1013B000515050504F4F4F4E4E4D4D4D4C4C4C4B4D
:1013C0004B4B4A4A4A494949484848474747474694
:1013D00046464545454444444443434343424242D0
:1013E00042414141002B9C4630D477002BD01CB5A4
:1013F0004FEA370703B44FF010004FF01001BAF175
:10140000000F06D0BCF1000FDCBF40F0080040F038
:1014100008014FF000000FBCBDE810400BF1010BBC
:10142000BBF1010F08BF5FEA170722BF12F10102EB
:1014300011F101014FF0004143F1000300F00040C1
:1014400043EA00007047F9D35708D0E746EA06465A
:1014500013F1400F4FEA16461FDD13F1200FDFBFD7
:1014600016430A46002120335B42BED0C3F1200759
:1014700046EA064602FA07F74FEA164646EA070624
:10148000C3F1200722FA03F201FA07F721FA03F168
:101490004FF0000342EA0702A7E746EA020646EADF
:1014A00006464FEA164646EA0106BCBF46EA06462D
:1014B000360C4FF000034FF000024FF0000194E7AC
:1014C0002DE9804C9A46934670B491E8380007C8DD
:1014D00031EA400C48BF34EA430C03D5FFF7E6FD80
:1014E000FFF780FFF0BCBDE8008C2DE9804C9A46E8
:1014F000934670B491E8380007C810F0804F08BFD9
:1015000013F0804F03D100F005F8FFF76BFFF0BC3C
:10151000BDE8008C20F07F4780EA030023F07F4C79
:1015200007EB0C03A3F57C5300F00040A3F1FE038E
:1015300092F0000F00F0B38095F0000F00F077807C
:101540002DE901494FEA11404FEA144621EA0048CB
:1015500000FB06FC24EA064708FB06F607FB08F832
:1015600000FB07F718EB06484CEB164C4FEA124B02
:1015700018EB07484FEA15464CEB174022EA0B4E92
:101580000BFB06FC25EA06470EFB06F607FB0EFEE4
:101590000BFB07F71EEB064E4CEB164C4FF000060C
:1015A0001EEB074E4CEB174B18EB0B0840F10000FD
:1015B00018EB0E0B58EB000840F100008F1A4FF0AB
:1015C00000013CBFC943661B14BFB5EB040C0021EE
:1015D0003CBFC943F61B4FEA17444EEA8E0E27EA7A
:1015E00004454FEA1C4704FB07622CEA074C05FB45
:1015F00007F70CFB05F604FB0CFC16EB074642EB69
:10160000174216EB0C4642EB1C421BEB060658EB4E
:101610000202414146EA9E0601D5BDE80189B6199C
:10162000524141EB0101A3F10103BDE801894FEAF9
:1016300014454FEA114724EA054621EA074C05FB09
:1016400007F406FB07F70CFB06F105FB0CFC11EB9E
:10165000074144EB17444FEA124711EB0C4144EBAE
:101660001C4422EA074C05FB07F206FB07F70CFBBC
:1016700006F605FB0CFC16EB074642EB174216EB91
:101680000C4642EB1C456A1854F1000148BF7047F4
:10169000B619524141EB0101A3F10103704795F0E6
:1016A000000F37D04FEA11424FEA144721EA0246B1
:1016B00024EA074C02FB07F106FB07F70CFB06F4D4
:1016C00002FB0CFC14EB074441EB17414FEA1547B2
:1016D00014EB0C4441EB1C4125EA074C02FB07F5D7
:1016E00006FB07F70CFB06F602FB0CFC16EB0746A5
:1016F00045EB174516EB0C4645EB1C42121951F110
:10170000000148BF7047B619524141EB0101A3F1F6
:10171000010370474FEA14454FEA114724EA054692
:1017200021EA074C05FB07F106FB07F70CFB06F265
:101730004FF0000605FB0CFC12EB074241EB174192
:1017400012EB0C4251EB1C4148BF7047921841EB21
:101750000101A3F10103704700BFFEE73EB5044657
:101760000D4600F06CFF1F490968401A0A2810D97D
:101770009FED1D0B53EC102B1D4890ED000B51EC11
:10178000100B04F05BFD1A4A03C200F058FF154924
:1017900008609FED180B53EC102B154890ED000BD3
:1017A00051EC100B05F012F904D29FED140B104808
:1017B00080ED000B002347F67C52102111A002F0AF
:1017C00021FF1F204CF218610022CDE90021029078
:1017D000074890ED000B06238C2218210E2002F002
:1017E000FCFF3EBD480000207B14AE47E17A843FF9
:1017F00040000020000000000000F03F000000005A
:101800000000000020204D65737361676520426F02
:101810007820200010B5024801F082FA10BD0000C7
:10182000D00000200146087810381823B0FBF3F2EE
:101830000848805CC865032A05D908686FF3090069
:10184000001D886503E008686FF309008865886DEE
:1018500070470000DE240108014600208A6A8B6977
:10186000CBB932B1012A0DD0022A03D0032A10D1FC
:101870000EE000BFCB6A03F08073B3F1807F00D12C
:10188000012007E0CB6AB3F1C07F00D1012001E065
:1018900000E000BF34E08B69B3F5005F1AD132B1CC
:1018A000012A07D0022A03D0032A11D10AE000BF7F
:1018B00001200EE0CB6A03F08073B3F1807F00D18A
:1018C000012006E0CB6AB3F1C07F00D1012000E027
:1018D00000BF15E032B1012A05D0022A04D0032A44
:1018E0000CD103E000BF00BF012008E0CB6A03F089
:1018F0008073B3F1807F00D1012000E000BF00BF02
:10190000704730B50468246824F4802405682C608E
:10191000046863608468402C04D10468A260046891
:10192000E16003E00468A1600468E26030BD7047D4
:1019300008B504488023A02200210090084602F048
:1019400023FD08BD1E6D00087CB504460D4600F061
:1019500076FE17490968401A0F2808D9154800680B
:10196000401C1449086000F06AFE114908601148E3
:1019700000687F2802DD00200E490860BF20012199
:101980003F23CDE900100B4800210268084600F013
:101990003FF9AF200121CDE9001006480068C0F1F1
:1019A0007F023F2300217F2000F032F97CBD000040
:1019B00020000020240000207FB504460D4600F0E2
:1019C0003EFE20490968401A1E2811D91E48007899
:1019D00028B11E480068401C1C49086004E01B48F0
:1019E0000068401E1949086000F029FE154908608A
:1019F000164800681F2803DD00201349087006E020
:101A000012480068002802DA01200F4908700F48C8
:101A10000FA1026802A8FEF709FDF02001210B4684
:101A2000CDE9001009481F210268402000F0D2FBD8
:101A30000120102302AA00210090084601F036F987
:101A40007FBD000028000020300000202C00002076
:101A5000723D25640000000038B504460D460020A4
:101A6000102303A21821009001F020F938BD0000D6
:101A70004472697665722056657273696F6E3A4C6E
:101A800043442076312E300072B600BFFEE70000DE
:101A900070B50446B3F5804F13D1D1E9000540EA93
:101AA00005108D6840EA05208D6928438D8940EA3C
:101AB000054054F82250064E3540284344F8220091
:101AC00003E06FF0704044F82200002070BD000079
:101AD0000000F0CF70B50246086852F8200020F0F0
:101AE00001000E6842F826008868082801D14023CA
:101AF00000E00023486818438E683043CE683043C6
:101B00000E6930434E693043CE6930430E6A30432C
:101B10004E6A30438E6A3043CE6A30430E6B40EAE1
:101B2000060488690443C86B0443074D45F4806587
:101B300045F4E025086852F82000A84320430E68C9
:101B400042F82600002070BD7FFB080010B5034658
:101B5000D1E9000440EA04108C6840EA04208C8932
:101B600040EA0444088A401E44EA0054087D801E6E
:101B700044EA00608C692043541C53F8244004F06C
:101B800040442043541C43F82400002010BD01466B
:101B90000022002007E00B5C7F2B02DDC01C921CA2
:101BA00001E0401C521C0B5C002BF4D11046704726
:101BB0002DE9FE4304460D4616461F46DDF82880F3
:101BC0000F201F2103223B46CDE90021029032461F
:101BD0002946204600F088FCBDE8FE8310B54FF68C
:101BE000FF7002F00DF910BD10B502F0CFF9022020
:101BF00001F076FA4FF6FF7002F002F910BD000016
:101C000010B502480068804710BD00007400002035
:101C10002DE9F05F2DED0A8B05460C4616461F4652
:101C2000DDF854B04FF00108BBF1AF0F01D14FF018
:101C30000308B5420DD1A14605E049462846149A4D
:101C400000F0B2F8C144B945F7DDBDEC0A8BBDE840
:101C5000F09FBC420AD1A94605E021464846149AA5
:101C600000F0A2F8C144B145F7DDEEE7701B04F0C7
:101C70005CFD41EC180B381B04F057FD41EC1A0BCE
:101C800053EC182B04F08EFB41EC190B9FED440B29
:101C9000B0EE408AF0EE608A32E0204604F045FD66
:101CA00041EC1B0B53EC182B51EC190B04F090FD7D
:101CB00041EC1C0B53EC1B2B04F0C0FA41EC1A0B4B
:101CC00004F004FD8146284604F02FFD41EC1B0B77
:101CD00053EC182B04F0B2FA41EC1A0B04F0F6FCAA
:101CE00082464946149A00F05FF8404604F01DFD14
:101CF00041EC1A0B53EC182B04F0A0FA41EC180B32
:101D0000701B04F012FD41EC1A0B53EC182B04F07D
:101D10005DFEC2D99FED220BB0EE408AF0EE608AE4
:101D200032E0204604F001FD41EC1B0B53EC182B74
:101D300004F084FA41EC1A0B04F0C8FC81462846F2
:101D400004F0F3FC41EC1B0B53EC192B51EC180B7A
:101D500004F028FB41EC1C0B53EC1B2B04F06EFA37
:101D600041EC1A0B04F0B2FC82464946149A00F08A
:101D70001BF8404604F0D9FC41EC1A0B53EC182B2D
:101D800004F05CFA41EC180B381B04F0CEFC41EC7B
:101D90001A0B53EC182B04F019FEC2D900BF54E7FC
:101DA000000000000000000070B505460E46144615
:101DB000A2B23146284602F0BBF870BD2DE9F04FC3
:101DC0002DED088B83B081468A4690469B46B9F13B
:101DD000000F01DD484600E00020054609EB080041
:101DE000401CA02803DA09EB0800401C00E0A020FA
:101DF0000290BAF1000F01DD504600E000200446D9
:101E00000AEB0800401C802803DA0AEB0800401C9B
:101E100000E0802001901698F0286ED1264690E0D0
:101E2000281B871988E0F0EE000A00EE108AB8EE51
:101E3000C00A03F053FD8DED000A009804F0F2FE95
:101E400041EC180BA9EB070000EE900AF8EEE00A4F
:101E5000B0EE600AF0EE000A03F040FDB0EE40BACA
:101E6000AAEB060000EE900AF8EEE00AB0EE600A77
:101E7000F0EE000A03F032FD3BEE000A8DED000AA1
:101E8000009804F0CFFE41EC1A0BB0EE4A0AF0EED7
:101E90006A0A03F035FBB0EE409AF0EE609A53EC1C
:101EA000182B51EC190B04F057FC44D81498012856
:101EB00006D0022812D0032820D0042839D12BE0E4
:101EC000C6EB44013846159AFFF76EFF6219D11B25
:101ED000AA19101B159AFFF767FF2BE0C6EB440108
:101EE000C7EB4500159AFFF75FFF6219D11B2A194E
:101EF000901B159AFFF758FF1CE027E0C7EB450041
:101F00003146159AFFF750FFE219511B2A19901B11
:101F1000159AFFF749FF0DE031463846159AFFF74D
:101F200043FFE219511BAA19101B159AFFF73CFF3A
:101F300000E000BF00BF7F1C02988742FFF673AF2E
:101F4000761C01988642FFF66BAFDDE02646D7E0AF
:101F5000281B8719CFE0F0EE000A00EE108AB8EED9
:101F6000C00A03F0BBFC8DED000A009804F05AFE95
:101F700041EC180BA9EB070000EE900AF8EEE00A1E
:101F8000B0EE600AF0EE000A03F0A8FCB0EE40BA32
:101F9000AAEB060000EE900AF8EEE00AB0EE600A46
:101FA000F0EE000A03F09AFC3BEE000A8DED000A09
:101FB000009804F037FE41EC190BB0EE490AF0EE40
:101FC000690A03F09DFAB0EE40AAF0EE60AA53EC65
:101FD000182B51EC1A0B04F0BFFB7BD8A8EB0B00BD
:101FE00000EE900AF8EEE00AB0EE600AF0EE000AA9
:101FF00003F074FC8DED000A009804F013FE41EC30
:10200000180BA9EB070000EE900AF8EEE00AB0EE1C
:10201000600AF0EE000A03F061FCB0EE40BAAAEBF1
:10202000060000EE900AF8EEE00AB0EE600AF0EE6C
:10203000000A03F053FC3BEE000A8DED000A009805
:1020400004F0F0FD41EC1A0BB0EE4A0AF0EE6A0A19
:1020500003F056FAB0EE409AF0EE609A53EC182B6B
:1020600051EC190B04F0B2FC44D81498012806D0A6
:10207000022812D003281FD0042839D12BE0C6EB48
:1020800044013846159AFFF78FFE6219D11BAA1931
:10209000101B159AFFF788FE2BE0C6EB4401C7EB37
:1020A0004500159AFFF780FE6219D11B2A19901B73
:1020B000159AFFF779FE1CE0C7EB45003146159AEB
:1020C000FFF772FEE219511B2A19901B159AFFF7B0
:1020D0006BFE0EE00EE031463846159AFFF764FEBF
:1020E000E219511BAA19101B159AFFF75DFE00E0BB
:1020F00000BF00BF7F1C02988742FFF62CAF761C02
:1021000001988642FFF624AF03B0BDEC088BBDE812
:10211000F08F2DE9FE4F05460E46174698460C9C5B
:10212000BD4201DA284600E038468146464501DADC
:10213000304600E040468246BD4201DD284600E0D0
:1021400038468346464501DD304600E04046029071
:102150000D980F2824D1BF2053465A465146CDE949
:1021600000404846FFF754FDBF20CDE900405A46E5
:10217000029B19464846FFF74BFDBF20CDE90040C2
:102180004A4651464846029BFFF742FDBF20CDE933
:1021900000405A4651465846029BFFF739FD17E06A
:1021A000CDF804A010E0CDF8009007E02246DDE96C
:1021B0000001FFF7F9FD0098401C00900098584579
:1021C000F4DD0198401C0190DDE901018842EADD5F
:1021D000BDE8FE8F2DE9F04F2DED088B83B08146D1
:1021E0008A4690469B46B9F1000F01DD484600E063
:1021F0000020054609EB0800401CA02803DA09EB83
:102200000800401C00E0A0200290BAF1000F01DDA0
:10221000504600E0002004460AEB0800401C8028DD
:1022200003DA0AEB0800401C00E0802001901598BA
:10223000F0287DD1264680E0281B871977E0F0EE54
:10224000000A00EE108AB8EEC00A03F047FB8DEDDD
:10225000000A009804F0E6FC41EC180BA9EB07001B
:1022600000EE900AF8EEE00AB0EE600AF0EE000A26
:1022700003F034FBB0EE40BAAAEB060000EE900A81
:10228000F8EEE00AB0EE600AF0EE000A03F026FB7A
:102290003BEE000A8DED000A009804F0C3FC41EC0F
:1022A0001A0BB0EE4A0AF0EE6A0A03F029F9B0EE12
:1022B000409AF0EE609A53EC182B51EC190B04F095
:1022C0004BFA33D831463846149AFFF76DFDE219C0
:1022D000511BAA19101B149AFFF766FDC6EB4401A7
:1022E0003846149AFFF760FD6219D11BAA19101B1A
:1022F000149AFFF759FDC6EB4401C7EB4500149A49
:10230000FFF752FD6219D11B2A19901B149AFFF78F
:102310004BFDC7EB45003146149AFFF745FDE21926
:10232000511B2A19901B149AFFF73EFD7F1C00E0F9
:1023300008E00298874282DB761C01988642FFF60D
:102340007BAFCCE02646C6E0281B8719BEE0F0EE46
:10235000000A00EE108AB8EEC00A03F0BFFA8DED55
:10236000000A009804F05EFC41EC180BA9EB070092
:1023700000EE900AF8EEE00AB0EE600AF0EE000A15
:1023800003F0ACFAB0EE40BAAAEB060000EE900AF9
:10239000F8EEE00AB0EE600AF0EE000A03F09EFAF2
:1023A0003BEE000A8DED000A009804F03BFC41EC86
:1023B0001A0BB0EE4A0AF0EE6A0A03F0A1F8B0EE8A
:1023C000409AF0EE609A53EC182B51EC190B04F084
:1023D000C3F97AD8A8EB0B0000EE900AF8EEE00AF9
:1023E000B0EE600AF0EE000A03F078FA8DED000A14
:1023F000009804F017FC41EC180BA9EB070000EE65
:10240000900AF8EEE00AB0EE600AF0EE000A03F07F
:1024100065FAB0EE40BAAAEB060000EE900AF8EEBC
:10242000E00AB0EE600AF0EE000A03F057FA3BEE65
:10243000000A8DED000A009804F0F4FB41EC1A0B41
:10244000B0EE4A0AF0EE6A0A03F05AF8B0EE409A8B
:10245000F0EE609A53EC182B51EC190B04F0B6FA1D
:1024600033D831463846149AFFF79EFCE219511BC7
:10247000AA19101B149AFFF797FCC6EB44013846C3
:10248000149AFFF791FC6219D11BAA19101B149A18
:10249000FFF78AFCC6EB4401C7EB4500149AFFF72F
:1024A00083FC6219D11B2A19901B149AFFF77CFC3C
:1024B000C7EB45003146149AFFF776FCE219511B31
:1024C0002A19901B149AFFF76FFC7F1C0298874211
:1024D000FFF63DAF761C01988642FFF635AF03B09C
:1024E000BDEC088BBDE8F08F2DE9FF4F83B083462C
:1024F000DDE9115A109C0598834501DA584600E041
:102500000598064606990498884201DA049800E086
:10251000069807460598834501DD584600E0059872
:10252000804606990498884201DD049800E00698E8
:102530008146A8EB06006100884202DA022000FB17
:102540000468A9EB07006100884202DA022000FB60
:102550000479022039198DE821043019012322461B
:10256000FFF72CFC012039198DE82104A8EB0400A9
:1025700001232246FFF722FC0320A9EB04018DE88A
:102580002104301901232246FFF718FC0420A9EB8F
:1025900004018DE82104A8EB040001232246FFF783
:1025A0000DFCBAF10F0F28D1BF20A8EB0402CDE932
:1025B000005030193B463946FFF72AFBBF20A8EBF5
:1025C0000402CDE9005030194B464946FFF720FB85
:1025D000BF20A9EB040339193246CDE9005030463B
:1025E000FFF716FBBF20A9EB040339194246CDE9DA
:1025F00000504046FFF70CFB1EE0F020A9EB04035F
:1026000039194246CDE900503046FFF782FDF020EF
:102610003B19A8EB0402CDE9005030193946FFF709
:1026200078FDF020A8EB0402A9EB0401CDE90050ED
:1026300030194B46FFF76DFD07B0BDE8F08F10B5C0
:1026400000F0B0FE10BD000038B504460D46002075
:10265000102303A21821009000F028FB38BD0000D1
:1026600047726170686963732056657273696F6E33
:102670003A76312E3200000010B50648064908604F
:1026800001F096FC032001F0D5FB4FF6FF7001F03E
:10269000B7FB10BDDD1B0008740000202DE9FF4FC3
:1026A0002DED088B89B09A46229F1EAC70CC1DB1CF
:1026B00021983044B84206DC012009B0BDEC088BFB
:1026C00004B0BDE8F08F07FB04F007902198304478
:1026D0006043A0EB0A0006904FF00008A9464D4663
:1026E000D9F814000590D9F8100008B1D9F8109065
:1026F000B74211DA002002E0D9F80890401CB84235
:10270000FADBD9F80000FFF742FA6043049000EBCF
:10271000D0704010089015E021983044B84211DD87
:10272000304603E00599C9680591401CB842F9DBC1
:1027300005990868FFF72BFA6043049000EBD0700E
:10274000401008904D4ADDE9070100F0AFF82198EC
:102750003044604350451BDD214604EBD172474BAA
:102760001B6803EB620250460AEBD073A2EB6308CE
:10277000B8F1000F02DA4FF0000804E00698804537
:1027800001DDDDF818803D480068A0EB080B02E091
:102790003A48D0F800B02598B0F5FA7F1FDA9FEDDF
:1027A000380B02F0B9FEB0EE409AF0EE609A259830
:1027B00003F0BBFF41EC1B0BB0EE4B0AF0EE6B0AD3
:1027C00002F0AAFEB0EE40AAF0EE60AA53EC192B7C
:1027D00051EC1A0B03F0E6FD41EC100B01E09FED0C
:1027E0002A0BB0EE408AF0EE608A51EC180B03F031
:1027F000F3FC27490860239810281BD124988DE802
:102800003001039013990A1B119908192049D1ED41
:10281000000A91ED000A5346129900F08BF901204D
:102820000090129800EB0B0123461AA2119800F0B9
:102830003DFA21E02398F8B924988DE830010390FF
:102840001348D0ED000A90ED000A534611A807C8BE
:1028500000F070F9012000901298204400EB0B0367
:102860000648D0F804C011980CEB0002129800EB57
:102870000B011198FFF79CF900201EE79C00002037
:102880000000000000407F40000000000000F03F1A
:10289000A40000202D3E000070B50446049DE81AF7
:1028A0006043561AB0FBF6F0184470BD17B52DED15
:1028B000108B85B014469FED830B8DED020B9FEDC1
:1028C000810B8DED000B9FED7F0BB0EE408AF0EE9B
:1028D000608A9FED7C0BB0EE409AF0EE609AFFF7B5
:1028E000AEFE7A490968401A7949896988427DD9DA
:1028F00015992268881A03F018FF41EC180B53EC65
:10290000182B744890ED000B51EC100B03F096FC63
:10291000704A03C2704890ED000B53EC102B51EC41
:10292000180B04F095F8CDE9020116996268881A2F
:1029300003F0FBFE41EC190B53EC192B674890EDAB
:10294000000B51EC100B03F079FC644A03C264489D
:1029500090ED000B53EC102B51EC190B04F078F8B0
:10296000CDE900015A4890ED041BB0EE410AF0EEAB
:10297000610A9DED021B53EC112B51EC100B03F07F
:1029800027FF41EC1C0B524890ED021BB0EE410AB0
:10299000F0EE610A4F4890ED001B53EC112B51EC07
:1029A000100B03F015FF41EC1E0B494890ED001B86
:1029B000B0EE410AF0EE610A53EC182B51EC100B0B
:1029C00003F006FF41EC1F0B53EC1E2B03F036FC0B
:1029D00041EC1D0B53EC1C2B03F030FC41EC1B0BAA
:1029E0003B4890ED081BB0EE410A00E066E0F0EED7
:1029F000610A53EC102B51EC1B0B03F0E9FE41EC88
:102A00001A0B03F063FE2060314890ED041BB0EE1A
:102A1000410AF0EE610A9DED001B53EC112B51ECC5
:102A2000100B03F0D5FE41EC1C0B294890ED021B66
:102A3000B0EE410AF0EE610A284890ED001B53EC1D
:102A4000112B51EC100B03F0C3FE41EC1E0B204880
:102A500090ED001BB0EE410AF0EE610A53EC192B29
:102A600051EC100B03F0B4FE41EC1F0B53EC1E2B8A
:102A700003F0E4FB41EC1D0B53EC1C2B03F0DEFBDD
:102A800041EC1B0B124890ED081BB0EE410AF0EE32
:102A9000610A53EC102B51EC1B0B03F099FE41EC37
:102AA0001A0B03F013FE60600B4880ED008B0C489E
:102AB00080ED009BFFF7C3FD0449086005B0BDEC45
:102AC000108B1EBD000000000000000098000020D8
:102AD0008001002078000020800000208800002075
:102AE0009000002001490860704700007400002039
:102AF0002DE9F04106460F4614461D46ABB2A2B280
:102B00003946304601F070FBBDE8F0812DE9F8430D
:102B100005460E4617461C46DDF820801FFA88F051
:102B2000E3B23A4631460090284601F0AFFBBDE8DB
:102B3000F88300002DE9FF4F2DED020B2DED028BE8
:102B400085B015461F46B0EE408AF0EE608ADDE99A
:102B5000179A169EC846D8F8140004907B1C6A1C6D
:102B6000DDE90901FFF7C4FF00204F490870002488
:102B7000D8F8100058B3D8F8108025E019980090C4
:102B800004FB06F3A3EB0A0300EE103AB8EEC00A0A
:102B900020EE280ABDEEC00A10EE101AB7EE000AA9
:102BA00070EE480A00EE105AB8EEC00A20EE800A15
:102BB000BDEEC00A10EE100A3346D8F8002000F02F
:102BC00075F8D8F80880641CB8F1000FD6D126E05B
:102BD00019980090049B1A6804FB06F3A3EB0A0300
:102BE00000EE103AB8EEC00A20EE280ABDEEC00A88
:102BF00010EE101AB7EE000A70EE480A00EE105AF6
:102C0000B8EEC00A20EE800ABDEEC00A10EE100A2F
:102C1000334600F04BF80498C0680490641C049894
:102C20000028D5D104FB06F097FBF0F001282CDA40
:102C300007FB07F004FB06F190FBF1FB04FB06F237
:102C40000023194650460097FFF726FE584404FB20
:102C500006F200231946009703905046FFF71CFE2A
:102C60000290BF200121CDE900102A462846DDE967
:102C70000213FEF7CDFFAF2001213B462A46CDE9E6
:102C8000001000212846FEF7C3FF8023A022002168
:102C90000846FFF72DFF01200349087005B0BDEC81
:102CA000028B06B0BDE8F08F700000202DE9F84FD0
:102CB0008046894616461C46DDF828A04746002572
:102CC00027E07219234649463846CDF800A0FFF7A1
:102CD0001DFF705D7F2802DD2744ED1C05E02046C6
:102CE00004EBD07107EB61076D1C715D7F2905DA7C
:102CF00004EBD47107EB6101A02905DC715D7F292C
:102D000007DD3919A02904DD0449097809B14746CE
:102D1000A144705D0028D4D1BDE8F88F7000002078
:102D2000F8B50446002000908C4800684FF4165116
:102D3000B0FBF1F7A56D2E6894F85C100820884070
:102D4000304098B12068006800F0040070B120683D
:102D5000006820F004002168086094F85C100820E6
:102D60008840A860606D40F00100606594F85C10D8
:102D700001208840304068B12068406900F0800040
:102D800040B194F85C1001208840A860606D40F06C
:102D90000200606594F85C1004208840304068B1FF
:102DA0002068006800F0020040B194F85C10042034
:102DB0008840A860606D40F00400606594F85C1085
:102DC00010208840304078B32068006800F0080088
:102DD00050B394F85C1010208840A8602068006808
:102DE00000F4802080B12068006800F4002028B939
:102DF000206CC8B12046216C884715E0A06C98B1C2
:102E00002046A16C88470FE02068006800F48070BD
:102E100028B92068006820F0080021680860206C4C
:102E200010B12046216C884794F85C10202088401F
:102E30003040002865D02068006800F010000028AD
:102E40005FD094F85C1020208840A86094F835008A
:102E5000052828D12068006820F016002168086045
:102E60002068406920F0800021684861206C08B922
:102E7000A06C28B12068006820F008002168086074
:102E800094F85C103F208840A860012084F8350049
:102E900000BF002084F8340000BF206D10B1204630
:102EA000216D8847F8BD2068006800F4802080B15B
:102EB0002068006800F4002028B9606C10B120463A
:102EC000616C88471DE0E06BD8B12046E16B884714
:102ED00017E02068006800F4807068B92068006816
:102EE00020F0100021680860012084F8350000BF40
:102EF000002084F8340000BFE06B10B12046E16B85
:102F00008847606D38B3606D00F00100F0B10520B6
:102F100084F835002068006820F00100216808600E
:102F200000BF0098401C0090B84200D905E020681E
:102F3000006800F001000028F3D100BF012084F8F0
:102F4000350000BF002084F8340000BFE06C10B1F1
:102F50002046E16C884700BFA4E70000BC000020C9
:102F60002DE9F0410446002500F01CFA074614B98B
:102F70000120BDE8F081606A00B100BF022084F842
:102F8000350000BF002084F8340000BF20680068CE
:102F900020F00100216808600AE000F003FAC01B7D
:102FA000052805D920206065032084F83500E0E776
:102FB0002068006800F001000028EED12068056854
:102FC00021480540D4E901010843E168084321692B
:102FD000084361690843A1690843E1690843216A1C
:102FE00008430543606A042803D1D4E90B01084370
:102FF0000543206805602068456925F00705606A7B
:103000000543606A04280DD1A06A0543E06A48B10F
:103010002046FEF721FC28B140206065012084F89D
:103020003500A6E7206845612046FEF7FBFB064613
:1030300094F85C103F208840B0600020606501205B
:1030400084F83500002094E73F8010F02DE9F04728
:1030500004460D4616461F464FF00008D4F8589017
:1030600000BF94F83400012802D10220BDE8F087A7
:10307000012084F8340000BF94F83500012825D1E0
:10308000022084F83500002060653B463246294620
:103090002046FEF736FC94F85C103F208840C9F8C3
:1030A00008002068006840F0160021680860206C65
:1030B00028B12068006840F0080021680860206896
:1030C000006840F001002168086006E000BF0020B1
:1030D00084F8340000BF4FF002084046C6E7000005
:1030E00070B5044600F05EF906462546681C10B12E
:1030F00004480078054400BF00F054F9801BA84242
:10310000FAD370BDB800002000B587B0142102A822
:10311000FDF763FA1B48006808B107B000BD012045
:103120001849086000BF002001901748006840F06F
:103130000100154908600846006800F00100019090
:1031400000BF00BF4FF4F060029002200390002007
:103150000490032005900C20069002A90B4800F073
:1031600019F84CF6B300029002200390002004905E
:10317000032005900C20069002A9054800F00AF8EB
:1031800000BFCAE768000020383802400010024043
:10319000000C0240F8B502460B4600250024002032
:1031A0000021D6E0012606FA01F51E6806EA0504AC
:1031B000AC4274D11E7906F00306012E04D01E79AC
:1031C00006F00306022E13D190684F000326BE407E
:1031D000B0434F00DE68BE40304390605068012627
:1031E0008E40B0431E79C6F300168E4030435060C7
:1031F0001E7906F00306032E09D0D0684F0003267F
:10320000BE40B0434F009E68BE403043D0601E7940
:1032100006F00306022E13D1CF0802F1200656F85D
:1032200027004E07F70E0F26BE40B0434F07FF0E94
:103230001E69BE403043CF0802F1200646F8270041
:1032400010684F000326BE40B0431E7906F0030607
:103250004F00BE40304310605E6806F44036002EDA
:1032600076D000BF002600963C4E366846F4804675
:103270003A4F3E603E46366806F48046009600BFF0
:1032800000BF374E8F0856F827008E07370F0F26DE
:10329000BE40B043334EB24202D1002624E057E094
:1032A000314EB24201D101261EE0304EB24201D170
:1032B000022619E02E4EB24201D1032614E02D4E13
:1032C000B24201D104260FE02B4EB24201D10526B5
:1032D0000AE02A4EB24201D1062605E0284EB2424B
:1032E00001D1072600E008268F073F0FBE4030437C
:1032F0001B4E8F0846F82700224E3068A0435E68B8
:1033000006F4801606B120431E4E3060361D30682C
:10331000A0435E6806F4001606B12043194E361D20
:103320003060184E361F3068A0435E6806F40036E1
:1033300006B12043134E361F3060361F3068A0435D
:103340005E6806F4803606B120430E4E083E3060BB
:10335000491C1029FFF426AFF8BD00004438024094
:10336000083801400000024000040240000802400A
:10337000000C0240001002400014024000180240FD
:10338000001C0240083C0140024613690B400BB18F
:10339000012000E0002070470AB1816101E00B04C8
:1033A000836170470148006870470000B00000204A
:1033B00003480068034909780844014908607047D8
:1033C000B0000020B800002010B50D48006840F49F
:1033D00000700B4908600846006840F4806008608F
:1033E0000846006840F480700860032000F0A6F8EA
:1033F0000F2000F007F800F02BF8002010BD0000AF
:10340000003C024070B504460E4800784FF47A71D3
:10341000B1FBF0F00C490968B1FBF0F5284600F06B
:103420003DFC08B1012070BD102C07D200222146BE
:10343000501E00F045F80548046001E00120F2E765
:103440000020F0E7B8000020BC000020B4000020FD
:1034500008B500BF002000900E48006840F480408E
:103460000C4908600846006800F48040009000BFE6
:1034700000BF00BF00200090081F006840F080508F
:10348000091F08600846006800F08050009000BFE7
:1034900000BF08BD443802400146084600280DDB45
:1034A00000BF00BF00F01F0301229A4043099B00A8
:1034B00003F1E023C3F8002100BF00BF00BF704745
:1034C0002DE9F05F80460D461646002701F0FCFF0F
:1034D000074639462A46334601F00700C0F1070A7D
:1034E000BAF1040F02D94FF0040A01E0C0F1070A53
:1034F000D14600F1040ABAF1070F02D24FF0000AD8
:1035000001E0A0F1030AD4464FF0010A0AFA09FAD1
:10351000AAF1010A0AEA020A0AFA0CFA4FF0010BB0
:103520000BFA0CFBABF1010B0BEA030B4AEA0B04A1
:103530002146404601F0D0FFBDE8F09F00BF00F0FB
:103540000702064B19684FF6FF031940044B0B4363
:1035500043EA0221014B196000BF70470CED00E007
:103560000000FA0570B504460D460CB9012070BD87
:103570005848006800F00700A84209D255490D706C
:103580000846006800F00700A84201D00120EEE7DD
:10359000207800F0020002281DD1207800F00400FD
:1035A000042805D14C48006840F4E0504A490860BE
:1035B000207800F00800082805D14748006840F44A
:1035C0006040454908604448006820F0F000A16868
:1035D000084341490860207800F00100A8B3606802
:1035E000012807D13C4808380068C0F34040B8B90A
:1035F0000120BCE76068022802D06068032807D178
:10360000354808380068C0F3406048B90120AEE78B
:10361000314808380068C0F3400008B90120A6E727
:103620002D48006820F00300616808432A490860BB
:10363000FFF7B8FE064609E0FFF7B4FE801B41F233
:103640008831884202D9032091E707E022480068C8
:1036500000F00C006168B0EB810FEDD11D480068EF
:1036600000F00700A84209D91A490D700846006801
:1036700000F00700A84201D0012078E7207800F090
:103680000400042807D11448006820F4E050E168E1
:10369000084311490860207800F00800082808D184
:1036A0000D48006820F46040216940EAC1000A49E1
:1036B000086000F019F808490968C1F30311074AC6
:1036C000515CC8400649086006480068FFF79AFE4A
:1036D00000204CE7003C024008380240E624010884
:1036E000BC000020B40000202DE9F0470024002594
:1036F0000026A1462548006800F00C0020B10428EF
:1037000005D008283AD105E0DFF8849039E0DFF8E9
:10371000849036E01D48001F006800F03F041B48FD
:10372000001F006800F4800078B11A481749091F8B
:103730000968C1F38811A0FB0170014622460023ED
:103740003846FCF7FBFD05460EE011480F49091FFE
:103750000968C1F38811A0FB0170014622460023CD
:103760003846FCF7EBFD05460848001F0068C0F32B
:103770000140401C4600B5FBF6F902E0DFF810906E
:1037800000BF00BF4846BDE8F0870000083802408F
:103790000024F40040787D01F8B504460CB90120FE
:1037A000F8BD207800F00100002874D0F9480068C6
:1037B00000F00C0004280DD0F648006800F00C0062
:1037C000082813D1F348001F006800F48000B0F50A
:1037D000800F0BD1EF4808380068C0F34040002844
:1037E00059D06068002856D10120D9E700BF606831
:1037F000B0F5803F08D1E7480838006840F48030D1
:10380000E449083908601EE06068B0F5A02F0DD1CA
:10381000E0480838006840F48020DE490839086034
:103820000846006840F4803008600CE0D948083849
:10383000006820F48030D7490839086008460068DD
:1038400020F48020086000BF606890B1FFF7AAFDF7
:10385000054606E0FFF7A6FD401B642801D90320BA
:103860009EE7CC4808380068C0F340400028F1D0FB
:1038700011E0FFF797FD054606E0FFF793FD401BBB
:10388000642801D903208BE7C24808380068C0F3D8
:1038900040400028F1D1207800F0020002285FD1DA
:1038A000BC48006800F00C0058B1BA48006800F04D
:1038B0000C0008281CD1B748001F006800F48000E5
:1038C000B0B9B44808380068C0F3400020B1E068DF
:1038D000012801D0012063E7AE480838006820F0D5
:1038E000F800216940EAC100AA490839086037E0B8
:1038F000E06800B30120A8490860FFF753FD0546C2
:1039000006E0FFF74FFD401B022801D9032047E7DF
:10391000A04808380068C0F340000028F1D09D4856
:103920000838006820F0F800216940EAC100994990
:103930000839086014E0002097490860FFF732FD5D
:10394000054606E0FFF72EFD401B022801D90320A3
:1039500026E7904808380068C0F340000028F1D1FD
:10396000207800F0080008282CD16069A8B1012057
:103970008A490860FFF716FD054606E0FFF712FDCD
:10398000401B022801D903200AE782486C300068F6
:10399000C0F340000028F1D014E000207F49086007
:1039A000FFF700FD054606E0FFF7FCFC401B022880
:1039B00001D90320F4E677486C300068C0F340007A
:1039C0000028F1D1207800F00400042870D10027ED
:1039D00070483830006800F0805090B900BF002077
:1039E00000906C483830006840F0805069493831A8
:1039F00008600846006800F08050009000BF00BFDB
:103A000001276748006800F48070B0B96448006816
:103A100040F4807062490860FFF7C4FC054606E088
:103A2000FFF7C0FC401B022801D90320B8E65C4820
:103A3000006800F480700028F2D000BFA068012860
:103A400008D154486830006840F00100514968319D
:103A500008601DE0A06805280DD14E486830006858
:103A600040F004004B49683108600846006840F0A7
:103A7000010008600CE047486830006820F0010051
:103A80004449683108600846006820F00400086076
:103A900000BFA068A8B1FFF785FC054609E0FFF765
:103AA00081FC401B41F28831884202D9032077E62D
:103AB00026E0384868300068C0F340000028EED0A7
:103AC00013E0FFF76FFC054608E0FFF76BFC401BB7
:103AD00041F28831884201D9032061E62D486830DF
:103AE0000068C0F340000028EFD1012F07D129481A
:103AF0003830006820F0805026493831086000BF17
:103B0000A069002845D02348006800F00C00082870
:103B10005DD0A069022845D100201F490866FFF743
:103B200041FC054606E0FFF73DFC401B022801D999
:103B3000032035E6174808380068C0F340600028C5
:103B4000F1D1D4E907010843616A40EA81110122F9
:103B5000A06AC2EB500041EA00412C20005D41EA1E
:103B600000600C49091F086001200B490866FFF737
:103B700019FC054606E0FFF715FC401B022801D999
:103B800003200DE6034808380068C0F340600028B1
:103B9000F1D049E00838024000004742800E474219
:103BA00000700040002021490866FFF7FBFB054636
:103BB00006E0FFF7F7FB401B022801D90320EFE5E1
:103BC0001B480068C0F340600028F2D12CE0A069D7
:103BD000012800D1E4E51648001D0668A069012807
:103BE00020D006F48001E06981421BD106F03F013C
:103BF000206A814216D147F6C0703040616AB0EB4E
:103C0000811F0FD106F440310122A06AC2EB50009F
:103C1000B1EB004F06D106F070612C20005DB1EBD6
:103C2000006F01D00120BBE50020B9E5000047424C
:103C30000038024070B504460E4615460CB9012006
:103C400070BD94F8490028B9002084F84800204647
:103C500000F01FF804F108012068FDF73BFF314632
:103C6000A2682068FDF772FF2946236BD4E90102A0
:103C7000FDF70EFFA168206850F8210040F0010018
:103C8000A268216841F82200012084F84900002040
:103C9000D6E710B50446FFF737FA10BD70B50446F5
:103CA0002546681EB0F1807F01D301200FE0681E19
:103CB0004FF0E02148610F214FF0FF3001F00CFC84
:103CC00000204FF0E021886107200861002070BDCE
:103CD00000BFFEE72DE9F04F2DED088B89B00446BB
:103CE0000D4617469846DDF868B0DDF870901E9EC8
:103CF000204604EBD0714FEA610A601C0890B6F5CB
:103D0000FA7F1FDA9FED2F0B01F006FCB0EE409A10
:103D1000F0EE609A304602F008FD41EC1B0BB0EE6D
:103D20004B0AF0EE6B0A01F0F7FBB0EE40AAF0EEA2
:103D300060AA53EC192B51EC1A0B02F033FB41EC47
:103D4000100B01E09FED210BB0EE408AF0EE608A8F
:103D500051EC180B02F040FA1E4908602868FDF784
:103D600016FF1D490860CDF800900968494261437B
:103D700000EE101AB8EEC00A1649D1ED000AB7EEEF
:103D8000001A71EE600A20EE200ABDEEC00A10EEA5
:103D9000100A234600212A68FEF788FF1020C4F18C
:103DA0007F03CAF19E028DE83009CDE90696CDE980
:103DB000047050460899FEF771FC09B0BDEC088B01
:103DC000BDE8F08F0000000000407F4000000000D0
:103DD0000000F03F540000205800002038B5044691
:103DE0000D460020102303A218210090FEF75EFF6D
:103DF00038BD000053584755492076312E33000016
:103E000010B50146002009E00A12084B03F8102003
:103E1000012303EB4003054CE154401C044A128883
:103E2000034B5B885A438242EEDC10BDA8010020A0
:103E3000A8A1002000B502460AB1012A1BD100202A
:103E40003949887180200880A02048802C20088172
:103E50002A2048812B20888132B9362000F0CEFA02
:103E6000C02000F0C5FA26E0362000F0C7FA002096
:103E700000F0BEFA1FE0022A01D0032A1BD1012064
:103E800029498871A0200880802048802C20088142
:103E90002A2048812B208881022A06D1362000F072
:103EA000ADFA602000F0A4FA05E0362000F0A6FA92
:103EB000A02000F09DFA00201C49088048801A4884
:103EC0000088888018484088C8801749887A00F0A0
:103ED00095FA002000F08CFA002000F089FA1249CF
:103EE0000988491EC1F3072000F082FA0E490978BB
:103EF000491EC8B200F07CFA0B49087B00F07EFA3C
:103F0000002000F075FA002000F072FA0649498896
:103F1000491EC1F3072000F06BFA03498978491E56
:103F2000C8B200F065FA00BDA8A10020A8000020DA
:103F300030B5002809DB124B9B88834205DD002940
:103F400003DB0F4BDB888B4200DC30BD0C4B1B8846
:103F500018440B4B5B88194414120A4B1B8801FB55
:103F60000303094D05F81340064B1B8801FB0303AF
:103F7000012505EB4303044DEA5400BFE5E70000CB
:103F8000A8000020A8A10020A801002010B500F082
:103F900039FA4FF42043034A03490448FFF756F81F
:103FA00010BD000000000160A8010020D00000202A
:103FB00010B5012211468B48FFF7EEF90120FFF7FB
:103FC0008FF8002201218748FFF7E6F90A20FFF762
:103FD00087F8012211468348FFF7DEF97820FFF7C2
:103FE0007FF87820FFF77CF8112000F007FA78209E
:103FF000FFF776F8B12000F001FA002000F0F8F9A0
:104000002C2000F0F5F92B2000F0F2F9B22000F09E
:10401000F5F9002000F0ECF9012000F0E9F90120A9
:1040200000F0E6F9B32000F0E9F9002000F0E0F933
:10403000012000F0DDF9012000F0DAF9002000F0A5
:10404000D7F9012000F0D4F9012000F0D1F9B42013
:1040500000F0D4F9032000F0CBF9B92000F0CEF93C
:10406000FF2000F0C5F9832000F0C2F9472000F0DE
:10407000BFF9C02000F0C2F9A22000F0B9F9022077
:1040800000F0B6F9842000F0B3F9C12000F0B6F9D1
:10409000022000F0ADF9C22000F0B0F90A2000F0D3
:1040A000A7F9002000F0A4F9C32000F0A7F98A20A6
:1040B00000F09EF92A2000F09BF9C42000F09EF940
:1040C0008A2000F095F9EE2000F092F9C52000F06A
:1040D00095F9092000F08CF9202000F08FF9C72015
:1040E00000F08CF9102000F083F9362000F086F9FA
:1040F000C02000F07DF9E02000F080F90C2000F0F5
:1041000077F91C2000F074F91B2000F071F91A20D7
:1041100000F06EF92F2000F06BF9282000F068F90C
:10412000202000F065F9242000F062F9232000F03F
:104130005FF9222000F05CF92A2000F059F93620BE
:1041400000F056F9002000F053F9052000F050F976
:10415000002000F04DF9102000F04AF9E12000F0B5
:104160004DF90C2000F044F91A2000F041F91A2012
:1041700000F03EF91A2000F03BF92E2000F038F94B
:10418000272000F035F9212000F032F9242000F03A
:104190002FF9242000F02CF9222000F029F92A2000
:1041A00000F026F9352000F023F9002000F020F976
:1041B000052000F01DF9002000F01AF9102000F091
:1041C00017F9352000F01AF9002000F011F93A2013
:1041D00000F014F9052000F00BF9292000F00EF989
:1041E000002010BD0000024030B5002801DD04466B
:1041F00000E00024234D2C80002901DD0C4600E066
:104200000024204D6C802C4625881F4C2488641E79
:10421000A54202DA1B4C248802E01B4C2488641E51
:10422000184D2C802C466588174C6488641EA54266
:1042300002DA144C648802E0134C6488641E114D49
:104240006C802C46248814440F4D2D88AC4201DA32
:10425000144604E00C4C24880A4D2D88641B094D3B
:10426000AC802C4664881C44074D6D88AC4201DA52
:104270001C4604E0044C6488024D6D88641B014DAB
:10428000EC8030BDA8000020A8A100202DE9FC4F43
:1042900081460E4690461C4698F8000080286ADA4F
:1042A000B2462046E31704EB5373DB1021464FEA76
:1042B000E47C04EB5C7C4FEAEC0CA4EBCC0CBCF192
:1042C000000F02D04FF0010C01E04FF0000C6344EE
:1042D000224604EBD27C4FEA6C0C03FB0CF303F098
:1042E000FF0B98F800002038C7B2002540E00C2CE6
:1042F00007D107EB4700214901EB8000405D0190A9
:1043000013E0102C05D11E4800EB0710405D019012
:104310000BE0182C07D107EBC7001A4901EB80000E
:10432000405D019001E0BDE8FC8F0020009019E0A5
:10433000019800F0800020B1314648460B9AFFF703
:10434000F7FD01984006000E0190761CA6EB0A00CE
:10435000A04203D1564609F1010906E00098401C2D
:10436000C0B2009000980828E2DB00BF681CC5B20C
:104370005D45BCDB00BF00BFD5E700001E0D010896
:1043800092110108821701082DE9F04105460E46F9
:10439000069C002025E0002120E000FB021714F815
:1043A00017C000EB800701EB4717DFF8408008F8E3
:1043B00017C000FB02174FF0010C0CEB470714F875
:1043C00007C000EB800701EB47174FF0010808EB2F
:1043D0004707DFF8188008F807C0491C9142DCDB6A
:1043E000401C9842D7DBBDE8F0810000A801002006
:1043F0000149087070470000000001604FF0C041A3
:104400000870704700B50249087AFFF7F7FF00BD52
:10441000A8A1002008B500BF00200090194800683E
:1044200040F48000174908600846006800F48000E6
:10443000009000BF00BF1448144908600020486085
:104440008021124881608900C160002101614161C1
:104450008161C1614FF48031016204214162032115
:1044600081620021C1620163FEF77AFD08B1FDF7A8
:104470000BFB002211463B20FFF722F83B20FFF701
:104480000BF808BD3038024058640240D0000020CC
:1044900000B58FB01C2108A8FCF79FF81C2101A8CB
:1044A000FCF79BF84FF02040204908602048486006
:1044B0000020886000211D48C16001614161816167
:1044C000C161016241624FF4805181620021C16289
:1044D0004FF4804101630021416381634164022004
:1044E00008900F20099004200A9000200B901020C3
:1044F0000C9011200D9000200E90042001900F20B0
:1045000002900520039000200490102005901120B7
:1045100006900020079001AA08A90448FFF78AFB2B
:1045200008B1FDF7B1FA0FB000BD00003001002066
:10453000040100A000B587B0142102A8FCF74DF8D3
:1045400000BF002001902B48006840F0100029496E
:1045500008600846006800F01000019000BF00BF2E
:1045600000BF002001900846006840F0800008600D
:104570000846006800F08000019000BF00BF00BF47
:10458000002001900846006840F0010008600846DD
:10459000006800F00100019000BF00BF00BF0020D4
:1045A00001900846006840F008000860084600686E
:1045B00000F00800019000BF00BF002203210E4858
:1045C000FEF7EAFE0F2002900020039001200490E5
:1045D00002A90A48FEF7DEFD0320029001200390A5
:1045E000002004900320059002A90348FEF7D2FDA5
:1045F00007B000BD30380240000002400010024009
:1046000000BFFEE72DE9F04F85B080460C4692468C
:104610009B464046FDF7BBFA0546F02090FBF4F0C0
:10462000A84202DAF02090FBF4F5F020082105FB07
:1046300004F9CDE9001A029009EBD971491001F192
:10464000A00707EBD77149100A1D05FB04F1039180
:1046500001EBD1714910C1F1A001049101EBD171BD
:104660004910081F231D0021FDF73EFF05FB04F143
:1046700001EBD1725210C2F1A00000EBD0725610C3
:104680000027B94619E008EB07022346022130460D
:10469000CDF800B0FEF73AFA18F807007F2804DDDD
:1046A0002644FF1C09F1020907E0204604EBD07103
:1046B00006EB61067F1C09F10109A945E3DB05B0A2
:1046C000BDE8F08F00BFFEE730B585B004460D466B
:1046D0002F4890ED001BB0EE410AF0EE610A53EC5A
:1046E000102B2CA101A8FBF7A1FE00200C2301AA8E
:1046F00001460090FEF7DAFA254890ED021BB0EE75
:10470000410AF0EE610A53EC102B25A101A8FBF73A
:104710008DFE00200C2301AA19460090FEF7C6FA70
:104720001B4890ED041BB0EE410AF0EE610A53EC19
:10473000102B1EA101A8FBF779FE00200C2301AA73
:1047400018210090FEF7B2FA114890ED081BB0EE68
:10475000410AF0EE610A53EC102B17A101A8FBF7F8
:1047600065FE00200C2301AA24210090FEF79EFA8A
:10477000074815A1826901A8FBF758FE00200C2309
:1047800001AA30210090FEF791FA05B030BD00007B
:10479000800100204B703A20252E33660000000077
:1047A0004B693A20252E3366000000004B643A2006
:1047B000252E336600000000466163746F723A2054
:1047C000252E3366000000004D696E54696D653A10
:1047D0002025646D7300000070472DE9F04F2DED2A
:1047E0000A8B83B007460D4616461C46B0EE408A3B
:1047F000F0EE608ADDE916ABA046F02104EBD8703C
:1048000040102B19BA19CDE901B10090294638465C
:10481000FDF76AFE304601F088FF41EC1C0B53ECBB
:10482000182B01F0D5FF41EC1A0B384601F07DFF43
:1048300041EC1B0B53EC1A2B01F000FD41EC190B62
:1048400001F044FF8146A046F02204EBD8714910E4
:1048500018982B19CDE9010200914A46294638469D
:10486000FDF742FE0F2104EBD87040102B19BA1946
:10487000CDE901A1009029463846FDF735FE03B089
:10488000BDEC0A8BBDE8F08FFEB506460C4600BFB6
:10489000FDF7D5FE3C490968401A0F2811D93B485D
:1048A000007828B13A480068401C3949086004E0A3
:1048B00037480068401E36490860FDF7C0FE32499F
:1048C0000860334800683F2803DD00202F49087046
:1048D0000DE02F480068002809DA01202B490870F4
:1048E0004FF4FA70FEF7FCFB01202070FEBD284853
:1048F00005680F2001210422CDE90021029005EB7B
:10490000D57043102248002102680846FDF7ECFDEF
:104910001F480568F02001210422CDE90021029002
:1049200005EBD57043101A48026840320021402040
:10493000FDF7DAFDF02001210822CDE900210290E7
:104940001348056805EBD570401000F120031048AE
:10495000202102680020FDF7C7FD0F200121082259
:10496000CDE9002102900A48056805EBD57040109A
:1049700000F1200306480268403220214020FDF764
:10498000B3FDFDF731F983E7340000203C0000203F
:104990003800002070470346086908B101207047BD
:1049A0000B615A6932B100E0D268D0680028FBD1AF
:1049B000D16000E059618A600020F0E70346C868D2
:1049C00008B101207047CB601A6932B100E09268EB
:1049D00090680028FBD1916000E019614A600020D6
:1049E000F0E770B505460E461820FBF751FC04466B
:1049F00025606660204670BD70B505460E462020D5
:104A0000FBF746FC04462560A661204670BD000009
:104A100070B504460D460948006808B1012070BD14
:104A20002020FBF735FC0549086008460068046053
:104A30000846006885610020F1E7000000000020C2
:104A400070B504460D4629462046FFF7E1FF0248AF
:104A500000680249086070BD0000002004000020CA
:104A60002DE9F04F2DED088B89B004460D46174611
:104A70009846DDF868B0DDF870901E9E204604EB85
:104A8000D0714FEA610A601C0890B6F5FA7F1FDA10
:104A90009FED2C0B00F040FDB0EE409AF0EE609AD6
:104AA000304601F042FE41EC1B0BB0EE4B0AF0EE3B
:104AB0006B0A00F031FDB0EE40AAF0EE60AA53ECB4
:104AC000192B51EC1A0B01F06DFC41EC100B01E0BD
:104AD0009FED1E0BB0EE408AF0EE608A51EC180B91
:104AE00001F07AFB1B4908601D98C4F17F03CAF1ED
:104AF0009E028DE83009CDE90696CDE90470504656
:104B00000899FDF7CBFDCDF8009012482A6890ED8A
:104B1000000AF7EE000A70EEC00A604200EE100ACA
:104B2000B8EEC00A20EE800ABDEEC00A10EE101AE0
:104B300023460020FEF7BAF809B0BDEC088BBDE8AB
:104B4000F08F00000000000000407F4000000000E7
:104B50000000F03F100000202DE9FF4F87B089468C
:104B600092469B46DDF85080E4480078B8B1E448AE
:104B70000068006940B1E24800680069E1490860E6
:104B80000020E149086007E00020DE490860DC48B9
:104B900000684069DC4908600020D8490870D8489E
:104BA00000680469D64800684569002601E0A468E9
:104BB000761C002CFBD1002701E0ED687F1C002D46
:104BC000FBD198F80300002840D0D0480078002896
:104BD0003CD0CC48006828B3CA480068C84908607F
:104BE000C84800680069C74908600846006848B1BD
:104BF000FDF725FDC64908600020C4490870C24978
:104C000008600BE0BE4800684069BF490860FDF7D6
:104C100016FDBF4908600020BC4908700020BD494E
:104C2000086013E0B848006880B1BB4800780128EC
:104C30000CD0FDF704FDB64908600020B3490870A8
:104C40000120B54908700020B449087098F80000A8
:104C500018B3AE48007800B3AF48007818B101200F
:104C6000AE49087019E0A6480068C068A8B1FDF711
:104C7000E6FCA74908600020A4490870A048006825
:104C8000C0689F4908600846006800699D4908603F
:104C900000209D4908609F49086098F8020000289C
:104CA0006AD09D480078002866D19848007800288E
:104CB00062D09448006878B392480068806868B110
:104CC0000020914908608F48006880688D4908601D
:104CD00090480068401C8F4908604DE08848006893
:104CE000406968B1864800684069874908600020CB
:104CF0008449086087480068401C864908603BE09A
:104D00000020814908607E48006800697D4908608C
:104D10000020804908602FE0FFE77B48006800B36F
:104D200079480068C06868B177480068C06876490B
:104D3000086000207349086076480068401C754987
:104D4000086019E06E480068006958B100206E499B
:104D500008606B48006800696A49086000206D4976
:104D6000086009E0664800684069674908600020FB
:104D7000644908606749086098F8010000281BD062
:104D80006548007800287ED16048007800287AD0F5
:104D90005C480068C8B35B480068406868B10020A0
:104DA00059490860574800684068564908605948A2
:104DB0000068401E5749086065E051480068406936
:104DC00088B14F480068456900E0ED68E868002850
:104DD000FBD14D48056000204A490860B819401EC3
:104DE0004C4908604FE0002047490860444800688B
:104DF000046900E0A468A0680028FBD14148046071
:104E0000B819401E434908603DE0FFE73E4800688E
:104E100038B33D480068806868B13B4800688068E6
:104E2000394908600020374908603A480068401E48
:104E30003849086027E032480068006990B10020D6
:104E4000314908602E480068046900E0A468A06841
:104E50000028FBD12B4804602E480068401E2D49D5
:104E6000086010E026480068456900E0ED68E868E1
:104E70000028FBD124480560002022490860B819A9
:104E8000401E2449086024480078C8B11E480068C4
:104E90004068A8B11C4800682049426840469047D5
:104EA0001E48007810B300201B490870FDF7C7FBAF
:104EB000174908600020154908701849087015E066
:104EC000FCF79EFEFDF7BBFB11490968401A0690EE
:104ED0008DE8800E04900A4800683346D0F818C068
:104EE0000C480268064801680798E0470120074916
:104EF0000870FCF779FE0BB0BDE8F08F1F000020B2
:104F000004000020080000200C0000201C000020ED
:104F100018000020140000201D0000201E000020AA
:104F20000146086908B1012070470A480068086115
:104F300008480068426932B100E0D268D0680028B1
:104F4000FBD1D16002E00348006841618A60002023
:104F5000EAE70000000000200146C86808B101200F
:104F600070470A480068C86008480068026932B1A2
:104F700000E0926890680028FBD1916002E003484D
:104F8000006801614A600020EAE70000000000209C
:104F90002DE9FE4F314932A0FFF752FD314932A0D1
:104FA000FFF72AFD05462F4931A0FFF725FD0446EE
:104FB000324933A0FFF715FD0646344934A0FFF708
:104FC00010FD0746354936A0FFF70BFD80463749EF
:104FD00037A0FFF706FD814639493AA0FFF701FDEA
:104FE00082463D493DA0FFF7FCFC83463F4940A077
:104FF000FFF7F7FC0290424942A0FFF7F2FC019054
:10500000444945A0FFF7EDFC00902846FFF7A4FFB8
:1050100021462846FFF7D2FC3046FFF781FF38468D
:10502000FFF77EFF4046FFF77BFF0098FFF778FF12
:1050300049462046FFF7AFFC51462046FFF7ABFC40
:1050400059462046FFF7A7FC20460299FFF7A3FC2C
:1050500020460199FFF79FFCBDE8FE8FD53C000874
:1050600048756200614A0008496E666F7200000070
:1050700047554920496E666F7200000049190008C3
:1050800044726177204C696E65000000B919000810
:105090004472617720526F756E6400008948000881
:1050A000526F756E6420526563740000DD3D000828
:1050B0004B65726E656C2056657273696F6E000089
:1050C00049260008477261706869637320566572EB
:1050D00073696F6E00000000591A00084472697607
:1050E000657220496E666F720000000099530008D7
:1050F00057726974657220496E666F720000000015
:10510000C946000850494420506172616D6574655C
:10511000720000005D170008436F6E74726F6C734D
:10512000000000002DE9FC410446FEF73BF961490F
:105130000968401A022804D9FEF734F95D4908606D
:1051400001E0BDE8FC8100254EE035B1012D0BD01A
:10515000022D10D0032D1CD114E026460121564803
:10516000FEF712F9074614E0661C02215248FEF7CA
:105170000BF907460DE0A61C04214F48FEF704F981
:10518000074606E0E61C08214B48FEF7FDF80746F7
:1051900000BF00BFA7B9494850F82500401C474947
:1051A00041F82500084650F82500052805DD0120B6
:1051B00030700A2041F8250015E00020307012E020
:1051C0003E4850F82500401E3C4941F8250008465D
:1051D00050F82500052804DA002041F82500307039
:1051E00001E0012030706D1C042DAEDB20788DF8BD
:1051F000000060788DF80100A0788DF80200E0785A
:105200008DF8030020782E490978484008B1012024
:1052100000E000202070607829494978484008B1B2
:10522000012000E000206070A0782549897848407E
:1052300008B1012000E00020A070E0782049C97882
:10524000484008B1012000E00020E07020789DF87F
:105250000010084008B1012000E0002020706078B4
:105260009DF80110084008B1012000E000206070A6
:10527000A0789DF80210084008B1012000E000204D
:10528000A070E0789DF80310084008B1012000E00C
:105290000020E0709DF80000094908709DF80100A9
:1052A00048709DF8020088709DF80300C87000BF28
:1052B00047E700005C00002000100240C000002012
:1052C0006000002010B5FEF773F810BD00B593B074
:1052D000302107A8FBF781F9142102A8FBF77DF91B
:1052E00000BF002001902448006840F0805022490F
:1052F00008600846006800F08050019000BF00BFC1
:1053000000BF002001901D48006840F480401B4908
:1053100008600846006800F48040019000BF00BFAC
:10532000012007900004089002200D9041050E9185
:1053300019210F914FF4A8711091022111910421AC
:10534000129107A8FEF728FA08B1FCF79DFB0F2081
:10535000029002200390002004904FF4A05005908A
:105360004FF480500690052102A8FEF7FBF808B123
:10537000FCF78AFB13B000BD4038024000700040CB
:105380000348006840F4700001490860704700005D
:1053900088ED00E000BFFEE738B504460D4600206A
:1053A000102316A201460090FDF780FCFDF747F997
:1053B00015490968401A41F28831884209D91348D1
:1053C000007880F0010011490870FDF738F90E49A6
:1053D00008600E48007838B100200C230CA2182178
:1053E0000090FDF763FC38BD00200C2312A21821A9
:1053F0000090FDF75BFC00BFF5E7000042593A530F
:10540000554958494E0000004C0000205000002033
:105410004353444E3A2068747470733A2F2F626C71
:105420006F672E6373646E2E6E65742F6D305F37F9
:10543000333637373836360042696C6962696C69D1
:105440003A2068747470733A2F2F73706163652EFD
:1054500062696C6962696C692E636F6D2F333439D0
:10546000343335393435323335343935330000008F
:1054700003B401984100009850EAC12018BF0420ED
:105480004A0D18BF40F0010040F2FF72B2EB515FCD
:1054900008BF40F00200012808BF052002B0704795
:1054A0004100080218BF04200A0E18BF40F0010096
:1054B0004FF07F4232EA010108BF40F002000128AC
:1054C00008BF05207047000002480068C0F30220B2
:1054D000704700000CED00E010B5002804DB0A075F
:1054E000130E054A135406E00A07140E034A00F08F
:1054F0000F031B1FD45410BD00E400E018ED00E0C2
:105500002DED020B019820F0004001909DED000B65
:1055100002B070470000000070B5D94B00242DED9B
:10552000020B2DED108BDDE91010984205DA20F00A
:1055300000429A4201D809D141B19DED100BBDEC5A
:10554000108B02B0BDE8704000F08EBDB0F5801F3A
:1055500026DA11430BD0002813DA0120FBF7BFF83D
:10556000BDEC108B02B0BDE8704000F089BD022098
:10557000FBF7B5F800F060FD51EC100B00F020FED9
:105580009EE06FF035049FEDC00B53EC102B9DEDAA
:10559000100B51EC100B01F01BF9CDE9100108467E
:1055A00004EB2051C0F31304B948A1F2FF312044A9
:1055B00000F4801080F07F6282F04052224301EBC1
:1055C00020559FEDB50B119253EC102B9DED100B58
:1055D00051EC100B01F03CFA41EC180BA01CC0F38D
:1055E00013009FEDAFDB9FEDB0EBB14E7E4403287F
:1055F0006CD296ED000B51EC180B53EC102B01F014
:1056000029F81DD1002D01BF96ED000BBDEC108BCC
:1056100002B070BD284601F088F841EC180B53EC3D
:105620001D2B01F0D5F841EC190B53EC1E2B51EC5E
:10563000180B01F0CDF853EC192B00F0FFFD3FE003
:105640009FED9D0B51EC180B53EC102B01F0C0F8A3
:105650009FED9B1B53EC112B01F0EEF941EC190B64
:1056600053EC182B51EC180B01F0B2F853EC192B3A
:1056700001F0AEF841EC190B002D04BF53EC192BCF
:1056800051EC180B1AD0284601F04FF841EC1A0BD8
:1056900053EC1D2B01F09CF853EC192B01F0CCF9C5
:1056A00053EC182B01F0D4F941EC180B53EC1E2BE2
:1056B00051EC1A0B01F08CF853EC182B01F0C8F9DF
:1056C000BDEC108B02B041EC100B70BD9FED7E0B5A
:1056D00051EC180B53EC102B00F0B0FD41EC100B0B
:1056E00051EC180B53EC102B00F05CFE41EC190B45
:1056F000284601F01AF841EC1B0B53EC192B51EC26
:10570000190B01F065F841EC1A0B714853EC1A2B98
:10571000261851EC1A0B01F05BF841EC1F0B6D4899
:10572000C4F1510404F5D724B0EE4F0AF0EE6F0A2D
:105730000321784400F004FC53EC1F2B51EC100BB8
:1057400001F046F841EC1C0B6348B0EE4F0AF0EE56
:105750006F0A0421784400F0F3FB53EC1A2B51EC50
:10576000100B01F035F8344353EC1C2B00F066FDB0
:1057700041EC1C0B002C4CDD9FED510B51EC180B38
:1057800053EC102B01F024F853EC182B01F020F807
:1057900041EC1A0B55B353EC1D2B51EC1B0B01F0D4
:1057A00017F841EC1D0B53EC1C2B51EC1A0B00F0BD
:1057B00045FD53EC192B01F00BF853EC1D2B00F0B9
:1057C0003DFD53EC1A2B01F037F953EC182B01F087
:1057D0003FF941EC180B53EC1E2B51EC1B0B00F066
:1057E000F7FF53EC182B01F033F969E753EC1C2B4E
:1057F00051EC1A0B00F022FD53EC192B00F0E8FFDE
:1058000053EC1A2B01F018F953EC182B01F014F992
:1058100056E735B353EC1D2B51EC1B0B00F0D8FFB2
:1058200041EC1A0B53EC1C2B51EC180B01F010F946
:1058300053EC192B00F0CCFF53EC1A2B01F008F9B4
:1058400053EC182B01F004F941EC180B53EC1E2B10
:1058500051EC1B0B00F0BCFF53EC182B01F0F8F8D7
:105860002EE753EC1C2B51EC180B01F0F1F853EC24
:10587000192B00F0ADFF53EC182B01F0DDF81FE7FA
:105880000000F07F00000000000000000000504316
:10589000645F090000000000000000000000F03F0D
:1058A000763C7935EF39EA3D0000E0FE422EE63FD6
:1058B00088D0000000000000555555555555D53F7E
:1058C000000000000000E03F000000000000004079
:1058D00086EBF9FFCACD0000C0CD000010B510EE78
:1058E000100A2DED068BB7EE001A10EE901AB0EEEE
:1058F000418A0022A0F5000CDFEDFE9A4FF0007304
:10590000BCF1FE4F4FF07F4403EB410C80F0B481BB
:10591000BCF1804FC0F02082F74901449FEDF73A77
:10592000B1F5005F40F2D48200F58021CB0C03F08A
:105930000F0101EE901AC3F307137F3BA0EBC35096
:10594000B8EEE12A00EE100A1A44DFEDED2AF0EE7F
:10595000411A42EE221AF0EE613A70EE232A30EE3E
:10596000632A12EE900A00F500606FF30B0001EE5F
:10597000900A73EEE13A33EE804AC1EE223A22EE0B
:10598000230A10EE100A00F500606FF30B0000EE22
:10599000100A00EE612A00EE442A62EE232A70EE1D
:1059A000221A21EEA12ADFEDD73A02EE233A23EEA6
:1059B000023A20EE012A22EE811A03EE211A32EE7B
:1059C000010A10EE100A00F500606FF30B0000EE04
:1059D000100A72EE401A31EE812A9FEDCB1A60EE6A
:1059E000011A9FEDCA1A20EE011A9FEDC90A02EEB4
:1059F000001A31EE810A10EE100A00F500606FF314
:105A00000B0000EE100AC34871EEC01A31EE812A75
:105A1000784400EBC10090ED003AD0ED011A10017E
:105A200001EE100AF8EEC12A32EE211A31EE001A08
:105A300031EE031A31EE221A11EE100A00F5006061
:105A40006FF30B0009EE100A39EE621A31EE431AB9
:105A500031EE400A30EE610A32EE40AA10EE900AB2
:105A6000002100F500606FF30B0008EE900A084675
:105A700070EEE8AA4FF0000029EE280A00F00C01B1
:105A8000F0EEC00A10EE900AB0F18B4F0DDD10EE73
:105A9000900AB4EB400F08D310EE100A4FF08B427F
:105AA00062F31E0008EE900A13E069EE2A0A38EE4F
:105AB000AA1A4AEE010A30EE201A11EE100A00F579
:105AC00000606FF30B0008EE900A30EE680A70EE8B
:105AD000209A0C204FF0000038EEA90AB5EEC00A5B
:105AE000F1EE10FA34BFFEEE000AF6EE000A30EED8
:105AF000800ABDEEC00A10EE100A011100EE101A65
:105B0000F8EEC00A00EE100AB8EEC00A38EEC00A7D
:105B100030EE290ADFED801A9FED801A00EE211A7F
:105B2000DFED7F1A7F4900F00F0040EE011A21EEF1
:105B3000800A794401EB800191ED001A7A49794499
:105B400001EB8001D1ED001A784901EE801A794409
:105B500001EB8000764990ED000A31EE001AB0EEBC
:105B6000E00A10EE100A884215DA10EE100AB4EBC3
:105B7000400F10D39FED6F0A30EE800ADFED6E0A02
:105B800020EE200A68EE010ABDEC068BBCEEC00ACE
:105B900020EE200A10BD10EE100A6849884243DA50
:105BA00010EE100AB4EB400F3ED3BDEEE00A68EEF3
:105BB000010A10EE100A00EBD0725110C90501F174
:105BC0007E5100EE101AA0EB6200C00560EE200AC4
:105BD00000F17E5000EE100A60EE808A18EE900A06
:105BE000B4EB400F0FD10220FAF779FD00F06EFA06
:105BF00010EE101A18EE100ABDEC068B61F31E00B1
:105C000000EE100A10BD18EE900A400011D018EEF8
:105C1000900AFFF745FC042808BF00F05FFAB0EED9
:105C2000680ABDEC068B10BDF5EEC00AF1EE10FA65
:105C30000FD20220FAF753FD00F050FA10EE101ABE
:105C400018EE100ABDEC068B61F31E0000EE100A80
:105C500010BD0220FAF743FD00F038FA10EE101ADA
:105C6000B0EE480A10EE100ABDEC068B61F31E0080
:105C700000EE100A10BD00BFBCF1804F6CD300BF16
:105C800000F1FF43B3F1FE4F24D200BFB0EEC00AD3
:105C900010EE100AC1F3C7537F2B0DDB972BBFF615
:105CA0003BAEC3F196034FF0010C0CFA03F3A3F1E2
:105CB000010C1CEA010F08D00120FAF710FDBDEC21
:105CC000068BBDE8104000F0F9B90B4218BFBFEEDB
:105CD000008A21E643001CBF4FF08073B3EB400FF6
:105CE00034D96FF01A02DFED161A20EE210A10EEF9
:105CF000100A27E000000000001080C0ABAAAA3EF6
:105D00000000803D7EE24C3E00B03842D49AB8BBE1
:105D10003BAA384224CB0000FC596337C9FF753ACF
:105D20001872313DC2CA0000F6CA000066CA0000FF
:105D30000000FC420000FE420000004B0000404317
:105D40000000004D10F0004FA0D1E5E5A0F50003E4
:105D5000B3F1FE4F21D2DFE503EB4103B3F1007F46
:105D600011D3F5EEC00AF1EE10FA05D1430018BFC9
:105D7000B4EB400F76D883E701F0004141F0FC51CD
:105D800000EE901A7CE7B3F1807F06D210EE903AD5
:105D9000A3F5000300EE903A72E720F000426FF0A6
:105DA000FF4C604C02EB0C03A34210D321F00043E4
:105DB0009C44A4450BD3B0F17E5F18BF5FEA410C51
:105DC00050D0B2F1FF4F98BFB3F1FF4F05D9BDECF2
:105DD000068BBDE8104000F06DB9B0F1FF4F0FD059
:105DE000C1F3C7527F2A09DB972A11DAC2F1960262
:105DF000012303FA02F2531E0B4205D0002208E0F1
:105E000011F0004F55D128E00A4218BF012200D1FD
:105E1000022210F5000F13D028B3B0F1004F26D0A6
:105E200010F1814F4FD04FF0FE42B2EB400F94BFC4
:105E300001200020012202EBE171884239D10CE0FF
:105E400011F0004F02D0012A38D032E0012A02BFFF
:105E50009FED350ABDEC068B10BD9FED340ABDECFD
:105E6000068B10BD2FE011F0004F0CD121E0B1F1F5
:105E7000FF4F1ED011F5000F05D011F0004F15D0C7
:105E80000AB1012A08D00220FAF729FCBDEC068BE2
:105E9000BDE8104000F004B90220FAF720FC00F041
:105EA000FFF8BDEC068BB1EE400A10BD0AB1012A25
:105EB00004D0B0EE690ABDEC068B10BDBDEC068BBC
:105EC0009FED1B0A10BDBDEC068BB7EE000A10BD9E
:105ED00030EE410AB5EE001A9FED172A00EE413A66
:105EE000B6EE001A60EE001A00EE431A61EEC11A17
:105EF0009FED101A20EE011A20EE020A9FED0F2AE4
:105F000001EE820A71EE001A11EE900A00F50060AF
:105F10006FF30B0009EE100A31EE491A31EE00AAB8
:105F20009CE50000FFFF3F00000080FF0000807F35
:105F30000000008000B0B841D49A38BB3BAAB841F9
:105F400070B504462DED028B4D1E00EBC500B0EE82
:105F5000408AF0EE608A90ED000B35F0060017D015
:105F600053EC182B51EC100B00F032FC41EC100BF1
:105F70006D1E04EBC50090ED001B51EC100B53ECB3
:105F8000112B00F05BF941EC100B35F00600E7D166
:105F9000022D36D0042D1CD0062D1CBFBDEC028B6B
:105FA00070BD53EC182B51EC100B00F011FC94ED6C
:105FB0000A1B53EC112B00F041F953EC182B00F0A5
:105FC00007FC94ED081B53EC112B00F037F941EC62
:105FD000100B53EC182B51EC100B00F0F9FB94ED67
:105FE000061B53EC112B00F029F953EC182B00F091
:105FF000EFFB94ED040B53EC102B00F01FF941EC78
:10600000100B53EC182B51EC100B00F0E1FB94ED4E
:10601000021B53EC112B00F011F953EC182B00F07C
:10602000D7FB94ED001B53EC112B00F007F9BDECEE
:10603000028B41EC100B70BD9FED070B10B553ECBC
:10604000102B9FED070B51EC100B00F0ABF941EC5E
:10605000100B10BD00000000000000000000000058
:10606000000000000000F03F10B553EC102B51EC85
:10607000100B00F0E3F841EC100B10BD0000000025
:106080009FED050B10B553EC102B51EC100B00F0ED
:1060900089F941EC100B10BD000000000000000069
:1060A000DFED030AB7EE001A81EE200A7047000008
:1060B0000000000030EE200A70470000DFED020A09
:1060C00080EEA00A70470000000000009FED020A69
:1060D00020EE000A70470000000000709FED020AE9
:1060E00020EE000A704700000000001030380A2837
:1060F00001D20120704700207047000008B5FDF76D
:1061000063F9FFF7E3F8FEF715FAFEF783F9FEF7F8
:10611000BFF99FED160B174880ED000B9FED160B96
:1061200080ED020B9FED160B80ED040B9FED160B1F
:1061300080ED080B0A200F4988610820FAF7A8F8BB
:106140000446FCF799FA1248FCF7CCFCFEF720FF56
:106150000AE02046FEF7E6FF00234FF4784211469E
:1061600018200094FEF7F8FCF3E700009A9999993B
:10617000999909C08001002054E3A59BC4201040D8
:1061800054E3A59BC420EC3F9A9999999999B93FFA
:106190003119000810B500290AD00878002807D066
:1061A00005487844FAF7AAFE002801D0002010BD67
:1061B0000248784410BD000092C500008AC5000066
:1061C00081F00041704780F00040704721F00041AD
:1061D000704720F00040704721F00042A2F1605269
:1061E000B2F5801F01F0004328BFD2F17F6C0BD9BC
:1061F0005FEA001C43EAC20242EB507018BF7047CE
:1062000028BF20F001007047B2F5801FBCBF1846C0
:1062100070474FEA410C1CF5001F02D2084600F0FF
:1062200077BD70B500F07EFB00000089FFF7F6BF78
:106230004FF00040A0F580007047000010B591EAD3
:10624000030F48BF83F0004300F10A84841A71EB06
:10625000030C05D2121943EB0C03001B61EB0C017C
:10626000DFF824E14FEA1154A4EB135C1EEA430F5C
:1062700018BF9EEA445F73D023EA0E03DCF1200EC0
:1062800021EA045143F4801332D322FA0CFE10EBBE
:106290000E0023FA0CFE41EB0E01CCF1200E03FAA6
:1062A0000EFE10EB0E0051F10001B1F5801FCCF194
:1062B000200E32D201EB045112FA0EF2BDE810406A
:1062C00058BF7047401C38BF5FEA420218BF704792
:1062D000002814BF20F0010041F100014FEA410302
:1062E00013F5001F38BF7047A1F1C04100F068BB33
:1062F000012A43EB0302ACF1200CDCF11F0E32BF8C
:106300004FF0000E23FA0CF310EB030041EB0451A5
:10631000B4EB115FD0D0A1EB045101F58011490815
:106320005FEA300001EB04510ED350F1000038BF9A
:1063300012FA0EFE08D1BDE81040C9E7401C38BF74
:106340005FEA4202CAD1C3E7BDE810404FEA410309
:1063500013F5001F38BF7047A1F1C04100F030BBFA
:106360009EEA445F08D011EA5E0FBDE8104004BF0A
:1063700001F0004100207047BDE8104070B500F00A
:10638000D1FA00BF64FBBE3E0000E0FF491058BFD9
:10639000C1F140415B1058BFC3F140438B42EFF362
:1063A000008070472DE9C04130B4DFF8A0C23CEA5C
:1063B000111418BF3CEA131400F0EC8081EA0305C5
:1063C0001CEA111444EAD57418BF1CEA131500F036
:1063D000C780A4EB05044FF0004545EAC12145EA1A
:1063E000C32341EA505143EA525304F17F74994266
:1063F00004F500344FEAC0204FEAC22208BF9042A1
:1064000000F09C804FEA13650FF24016765D4FEA6C
:10641000134506FB05F7C7F1807706FB07F74FEA40
:10642000D737A7FB03687642C8F58038A7FB06CEAE
:1064300038BFA8F1010807FB08E64FF0000EA6FBE5
:10644000028CE6FB03CEDCF1000CCEF1004E38BF2F
:10645000AEF1010EA6FB0C584FF000074FF00005FF
:10646000E6FB0E87A1FB08C6A0FB07CE16EB0E06C7
:1064700045F10005E1FB076515F1E04E7EBFA4F58F
:1064800080345FEA46066D4116F1800745F100054C
:106490004FEA17274FEA066647EA0567A6F1DE4688
:1064A000B6F1805F4FEA15251FD9384624F0010C5C
:1064B00005EBC471BCF1FE6F01EB0C1102D8F0BC0E
:1064C000BDE8008124425CBF01F5801E9EEAC47FC6
:1064D00002D4F0BCBDE80081244238D4F0BCA1F164
:1064E000C041BDE8004100F06BBA4FEAD22242EA57
:1064F00043524FEAD323A7FB02864FEAD02040EA5B
:10650000415007FB03661EEA0E0F4FEAD12105FB3F
:10651000026658BFA6EB0056B6EB00564FEA520E85
:106520004EEAC37E18EB0E0E56EB530EBDD518EB9C
:1065300002085E417F1C55F10005B6E74FF4801557
:106540004FF000074FF000064FF00008ADE7F0BC39
:106550004FF0000001F1C04101F00041BDE80081B1
:1065600011EA0C1F0CEA131500D00CE013EA0C1F03
:1065700000F025804FF00000F0BC81EA030101F03B
:106580000041BDE80081F0BCBDE8004181EA0301A3
:1065900000F016BAF0BCBDE8004170B500F0C2F9D9
:1065A000097EFC3E00F007B881EA03014FF00000CD
:1065B00001F00041704781EA030100F001BAF0BC2C
:1065C000BDE800414FF0000021497047FFFDFBF995
:1065D000F7F5F4F2F0EEEDEBE9E8E6E4E3E1E0DE16
:1065E000DDDBDAD8D7D5D4D3D1D0CFCDCCCBCAC888
:1065F000C7C6C5C4C2C1C0BFBEBDBCBBBAB9B8B7AF
:10660000B6B5B4B3B2B1B0AFAEADACABAAA9A8A8A1
:10661000A7A6A5A4A3A3A2A1A09F9F9E9D9C9C9B6F
:106620009A9999989797969595949393929191901A
:106630008F8F8E8E8D8C8C8B8B8A898988888787AB
:106640008685858484838382828181800000FF0720
:106650000000F87F51EA030C17D41CF5801F58BFC7
:10666000BCF5801F00F10680994218BF704708BF33
:106670009042704707D711F5801F58BF13F5801F50
:1066800019D499427047894270471CF5801F08D57C
:10669000BCF5801FF7D58B4218BF704708BF8242F8
:1066A00070474FF4001C1CEB410F38BF1CEB430F2D
:1066B00001D28B42704770B500F034F99224490042
:1066C0004FF000514FF08053FFF760BE4FEA410397
:1066D0004FEA5353A3F58063D3F11E03C8BFD3F130
:1066E000210C0CDD4FF0004242EAC12242EA505236
:1066F00032FA03FC8CEAE17CACEBE1707047102BC2
:10670000C4BF0020704703F5787CBCF1FF3F04D084
:106710006FF0004282EA2100704770B500F002F984
:106720004992248000207047F2E710F0004248BFF1
:106730004042B0FA80F310FA03F10AD0C3F11D030E
:1067400003F580634FEA415002EB035202EBD12183
:1067500070474FF00000704751EA030C17D41CF546
:10676000801F58BFBCF5801F00F10680994218BFFA
:10677000704708BF9042704707D711F5801F58BF78
:1067800013F5801F19D499427047894270471CF550
:10679000801F08D5BCF5801FF7D58B4218BF704706
:1067A00008BF824270474FF4001C1CEB410F38BFFA
:1067B0001CEB430F01D28B42704770B500F0B2F86A
:1067C000922449004FF000514FF08053FFF7DEBD97
:1067D000DFF848C170B51CEA111E1EBF1CEA131574
:1067E0009EEA0C0F95EA0C0F00F06F8081EA03041B
:1067F00023EA4C134EEAD47E21EA4C1141F4801175
:1068000043F48013AE44A1FB024CA0FB0365AEF140
:106810007F7E361955EB0C05A1FB034C4CF10003B0
:10682000A0FB021C16EB0C06654153F10003094264
:1068300018BF46F0010613F4007F0BD14FEA033175
:106840004FEA0530340341EA155140EA16506FF023
:1068500003020AE04FEAC3214FEAC520F40241EAED
:10686000555140EA56506FF0020202EB2E4201EB06
:10687000025585EACE710AD05FEA440C18BF24F0B5
:10688000004450F1000041F1000120EAD47040F2D0
:10689000FE7C624500D270BDA84214BF4FF0804418
:1068A0004FF04044002E08BF0024BEF1806FA8BF07
:1068B000A1F1C041BDE8704080F282804FF000003D
:1068C00001F1C04101F0004170479EEA0C0F0CEA53
:1068D000131518BF95EA0C0F06D04FF0000081EA9F
:1068E000030E0EF0004170BD00F01CF88900013E5F
:1068F00000F007B800F009B84FEA430C5FEA5C5CAF
:1069000008D081EA030100F05BB84FEA410C5FEA6E
:106910005C5CF6D14FF00000014970470000FF07B2
:106920000000F87F0EF1020E2EF0030E5EF8046BED
:10693000364205D4012A43EB030515F5001F12D892
:10694000012841EB010C1CF5001F0CD80ED14FEAB9
:10695000D17C15F5001F0CEB4C0C0CF1020C08BFA0
:106960004CEBD37C04E04FF0080C01E04FEAD37C01
:106970000CEB4C0526FA05F606F00706B6F1040CFA
:1069800006D20EEB860CBDE870404CF0010C60475F
:10699000DFE80CF0090B02024FF000414FF000005D
:1069A000A1F5002170BD19461046012851EB0104E4
:1069B00018BFD4F5001484BF002001F0004170BD61
:1069C0000808A0F500114FEA3101704753EA010CA5
:1069D00017D41CF5801F58BFBCF5801F00F106803E
:1069E0008B4218BF704708BF8242704707D713F524
:1069F000801F58BF11F5801F19D48B4270479B42EE
:106A000070471CF5801F08D5BCF5801FF7D599424B
:106A100018BF704708BF904270474FF4001C1CEB32
:106A2000430F38BF1CEB410F01D2994270470FB49E
:106A30000CBC03BCFFF7C1BE91EA030F10B581F097
:106A400000413FF503AC83F0004300F009B80000BB
:106A500010B591EA030F48BF83F000433FF5F6AB52
:106A6000841A71EB030C07D212198CF0004C43EB23
:106A70000C03001B61EB0C01DFF8A4E14FEA115499
:106A8000A4EB135C1EEA430F18BF9EEA445F00F0BC
:106A9000B08023EA6E03524221EA0451C3EB6E0335
:106AA00038BF5B1EDCF1200E25D322FA0CFE10EB62
:106AB0000E0043FA0CFE41EB0E01CCF1200E03FA5E
:106AC0000EFE10EB0E0051F10001CCF1200E29D486
:106AD00012FA0EF201EB0451BDE8104058BF7047A6
:106AE000401C1CBFB2F1004F704700280CBF491C6E
:106AF00020F00100704712EB020E43EB030218BFB7
:106B00004FF0010E4EEA4202ACF1200CDCF11E0EF9
:106B100054D943FA0CFE10EB0E0051F1FF31CCF1C9
:106B20001E0ED5D50EF1010E12FA0EFE404141EBBC
:106B3000010101EB445C5FEA5C5C10D910EBDE7094
:106B400001EB045138BFBEF1004FBDE8104018BF43
:106B5000704700280CBF491C20F00100704730D25C
:106B60004FEAD42C11F5001124F400641BD0B1FAC3
:106B700081F20B3AA41AA41ED2F12003914030FAFC
:106B800003F31943904001EBCC71002C01EB04514D
:106B9000BDE81040A8BF704701F1C0414FF00000B0
:106BA00001F000417047B0FA80F310FA03F100D110
:106BB00010BDE41A173C4805C90AE4E701EB04518B
:106BC00010BD491001EB0451BDE810404FEA300000
:106BD00002E04FF0000170474A0008BF0042F8D0C1
:106BE000B2F5001F28BF704701F000414FF00000D0
:106BF00070479EEA445F07D011EA5E0FBDE810407F
:106C000004BF002100207047BDE8104070B5FFF7B9
:106C100089FE00BF40DFF63E83F00041104670471A
:106C20000000E0FF43004FEAD30C4FEA3C0C434026
:106C30001FBF40070CF1605113F0FE4F70471CF06E
:106C4000006F03D100200CF0004170470CF00043AE
:106C500043EA507010B540EACC0000F00EF800BFD7
:106C6000000000924FEA0001FFF7AABE4FF000417A
:106C70004FF00000A1F5002170470EF1020E2EF03A
:106C8000030E5EF8044B244204D44FEA4102B2F1F1
:106C90007F4F11D84FEA4003B3F17F4F0CD80ED18C
:106CA0004FEAD07CB2F17F4F0CEB4C0C0CF1020C94
:106CB00008BF4CEBD17C04E04FF0080C01E04FEA38
:106CC000D17C0CEB4C0324FA03F404F00704B4F178
:106CD000040C06D20EEB840CBDE810404CF0010C05
:106CE0006047DFE80CF0070802024FF00040A0F513
:106CF000800010BD0846420018BFD2F1807288BFE4
:106D000000F0004010BD4FF04070E1EE100A7047F7
:106D1000FF2141EAD050C0057047F9F718BE85370A
:106D20008537853785378537853785378537853783
:106D3000853785378537855785578D788D788D7858
:106D40008D788D788D988D988D988D9995B995B908
:106D500095DA84D7959A9E1C9E7EB6FEF7FF9E3BE1
:106D6000963B9E3B9E3B9E5B9E5C9E5C9E7C9E7C7F
:106D70009E9D9EBDA6BDA6BDA6DD8D985AF363134C
:106D8000631363135B135B135B135AF25AF15AF1EB
:106D900052B052AF52AF52AF52AF52AF52AF52AFEA
:106DA00052AF52AF52AE4A8F52D063325B125B1277
:106DB000631273D573D573D67C35FFFF6391741856
:106DC000849C84BC84BC84BC84BC84BC849B849B25
:106DD000849B849A8D19E77E73D47BF873F773D6FE
:106DE00073F784DC9DFF9E3F9DFDF7DFFFFFD73FDC
:106DF000A5DDD77DDFDEE7FFE7FFEFFFE7FFDFBEC3
:106E0000E7BEF7FFFFFFF7FFFFFFFFFFFFFFFFFFFB
:106E1000A65CA63DA63DA63DA63DA63DA63DA63D3B
:106E2000A63DA63DA63DA63DA63DA63DA63DA63D4A
:106E3000A63DA63DA63DA63DA65DA65DA65DA65DBA
:106E4000A65DA65DA65DA65EA65DA65EA65DA65D28
:106E5000A65DA65EA65EA65EA65EA65EA65E85375B
:106E60008537853785378537853785378537853742
:106E7000853785378537855785578D788D788D7817
:106E80008D788D788D988D998D988D9995B995B9C6
:106E900095DA95DA6C359DDB9E1C9E7EA67DEFFF14
:106EA000961A9E3B9E3B9E5C9E5C9E7C9E7C9E9D1D
:106EB0009E9D9EBDA6BDA6DD9EDD8D5863345B13F1
:106EC0005B135B135B135B135B13631352D052CFE3
:106ED00052AF52AF52AF52AF52AF52AF52AF52AFAA
:106EE00052AF52AF52AF52CF5AF05AD063526332C0
:106EF0006332633373B573B573D673F5F7FFFFFF72
:106F00009D5B8CDC84BC84BC84BC84BC849B849BE3
:106F1000849B84BB8CDB6BD6DF5E7C1573D573D60C
:106F20008CDCA5FF9E3FA61EE77EFFFFF7FF7C9847
:106F3000B67D9DB6E7FFD7BEE7FFDFDEEFFFDFBE22
:106F4000EFFFF7FFF7FFA5FAAE1CAE3BFFFFAE1A4F
:106F5000A63DA63DA63DA63DA63DA63DA63DA63D19
:106F6000A63DA63DA63DA63DA63DA63DA63DA63D09
:106F7000A63DA65DA63DA63DA63DA63DA63DA63DD9
:106F8000A65DA65DA65DA65DA65DA65DA65DA65EE8
:106F9000A65DA65EA65EA65EA65EA65EA65E85371A
:106FA0008537853785378517851785178517853781
:106FB000853785378537855785578D788D588D78F6
:106FC0008D788D788D988D988D988D9995B995B986
:106FD00095DA95DA95FA5BD3959A9E1C9E5D9E5C38
:106FE000E7FF9E3B9E5C9E5C9E7C9E7C9E7D9E7D84
:106FF0009E9D9EBDA6BDA6DDA6FD533263145B1308
:107000005B135B135B136333633252B052AF52AF07
:1070100052AF52AF52AF52AF528F424E422E424EFB
:107020004A4E4A4E4A4E52B052D05AD052AF5AEF00
:1070300063516332633373B573D573F674178C95EC
:10704000FFFF73F28D1C8CFD84DC849C849B84BCCC
:1070500084BC84BC8CDC8CDB63956BF37C3673D78F
:107060008CFD9E1F963FA61BFFFF8D39959DAE5E42
:107070009E1DEFFFE7FFD7BFE7FFDFDFDF9EEFFFDC
:10708000EFDFFFFFB65C9DFCA63DA63DA63DA63DFD
:10709000A63DA63DA63DA63DA63DA63DA63DA63DD8
:1070A000A63DA63DA63DA63DA63DA63DA63DA63DC8
:1070B000A63DA63DA63DA63DA63DA63DA65DA65D78
:1070C000A65DA65DA65DA63DA65DA65DA65DA65DC8
:1070D000A65DA65DA65DA65DA65EA65EA65E8537DC
:1070E00085377D177D178517851785178537851790
:1070F0008537853785378557855785578D788D58DE
:107100008D788D788D788D988D988D9995B995B964
:1071100095DA95DA95DA95BA84F7955A9DFC9E1C16
:10712000A65CC71D9E1A9E5C9E7C9E7C9E7D9E7D5D
:107130009E9DA6BDA6BDA6BDAEFE5B335AF36313EE
:107140005B135B1363335B1352D1528F528F52AF79
:1071500052AF52AF4A8F4A4E4A4E422E424E422EB4
:10716000422E422E52905B115B116B94424F52D0D3
:107170005AEF52CF63315B1273D673D673F77C38F4
:107180008C76FFFFFFFFB67D84DB849C84BC84BCCF
:1071900084BC8CDC8CDC8CDC7C196355951B849B5B
:1071A0008D1D9E1F9E5FF7FFE79F959F9DDDAEBFE4
:1071B000B75FCF3FEFFFD7DFDFDFDFDFDF9EE79E89
:1071C000F7FFA61CA63DA63DA63DA63DA63DA63DB5
:1071D000A63DA63DA63DA63DA63DA63DA63DA63D97
:1071E000A63DA63DA63DA63DA63DA63DA63DA63D87
:1071F000A63DA63DA63DA63DA63DA63DA65DA65D37
:10720000A65DA63DA63DA65DA65DA65DA65DA65DA6
:10721000A63DA65DA65DA65EA65EA65EA65D7D16E3
:107220007D167D167D167D16851785178517853782
:107230008537853785378537855785578D788D58BC
:107240008D788D788D988D988D988D9895B995DAE3
:1072500095DA95DA95FA95FA95FA9DFBA5DB8D39C5
:107260009DFC9DFC95B97CD59E7C9E7C9E7D9E9DC3
:107270009EBD9EBD9EBDA6BD8DB95B335AF35B130B
:10728000631363335B13633352AF52AF52AF52AFEA
:107290004A8F52AF4A6F52B15B327C587C787C582F
:1072A00084999D5B8D39955A957AA5DB9DBB953A5E
:1072B0006BD54AB04A8F4A4E63326BB573F673F69C
:1072C00074178457FFFFFFFFC6DC851A8CFD8CDD29
:1072D0008CDC8CDC8CDC847A847A845A6BF7951D88
:1072E0009DDF961FA65DFFFFE79F95BF959DA65E5C
:1072F000B77FC73ED79ED79EE7FFDF9EF7FFAE3A28
:10730000A61CA61DA63DA63DA63DA63DA63DA63DA6
:10731000A63DA63DA63DA63DA63DA63DA63DA63D55
:10732000A63DA63DA63DA63DA63DA63DA63DA65D25
:10733000A63DA63DA63DA63DA63DA65DA65DA65DD5
:10734000A65DA65DA65DA65DA65DA65DA63DA65D45
:10735000A65DA65DA65DA65DA65DA65DA65D7D1685
:107360007D167D167D167D167D168517853785372A
:1073700085378537853785578557855785588D7863
:107380008D788D788D788D788D988D9995B995B902
:1073900095DA95DA95FA95FA961B961B9E1BAE3CEC
:1073A0009D9B957A9DBB957AA63D95FBA69D9E9D3E
:1073B0009E9D9EBD9EBDA6DE3B0F5B125AF35B13E6
:1073C000631363135B1252B052AF528F52AF52B07D
:1073D00073D48C9984B98CBA7C587C987C787C580E
:1073E0008D3A953A7438743974396BF69D9B9DBA11
:1073F0008D5A955A9D5A6B935AF0635273D673F611
:1074000074177C178478FFFFFFFF4AAB63F58CFC91
:107410008CFD8CFC8CDD7C5A847A8C9B8D1B745784
:10742000A61D9E3FF7FFFFFFC6BD959F95BEAEFF11
:10743000B75FBF1EA5D8CF7DD77DFFFFA5FAA61CDD
:10744000A61CA61CA63CA63CA63CA63DA63DA63D69
:10745000A63DA63DA63DA63DA63DA63DA63DA63D14
:10746000A63DA63DA63DA63DA63DA63DA63DA63D04
:10747000A63DA63DA65DA65DA65DA65DA63DA63D74
:10748000A63DA65DA65DA65DA65DA65DA65DA65D04
:10749000A65DA65DA65DA65DA65DA65DA65D7D1644
:1074A0007D167D167D167D167D16851785378537E9
:1074B0008537853785378557855785578D58855842
:1074C0008D788D788D788D788D998D9995B995D9A0
:1074D00095DA95DA95FA95FA95FA961B963B9E5BA6
:1074E000A61C8D39955A8D1A955B957C8D5BA67D72
:1074F000A6BD9EBD9EDDA6BD3AAD5B125B136313B8
:1075000063135B125B1252B052AF5AF063738CB8C4
:107510008CB98CFA84B9953A953A95398D19953A82
:1075200084B9743874397CBB84FA747874598D1AB0
:107530009D9B9D9A955A957B957BA5DC42907C17E7
:1075400073F77C177C187C5852EDFFFFFFFFC71FB5
:107550008D3D8CFD951D847A847B84BAB69EC75F71
:10756000CF7EEFBFFFFFFFFFA5DA95DF9DFEBF7F58
:10757000BF7FC75EC71BEFFFC659F7FFA63CA61C1F
:10758000A61CA61CA61CA61CA61CA63DA63DA63D88
:10759000A63DA63DA63DA63DA63DA63DA63DA63DD3
:1075A000A63DA63DA63DA63DA63DA63DA63DA63DC3
:1075B000A63DA63DA63DA63DA63DA63DA63DA63DB3
:1075C000A63DA63DA63DA63DA63DA63DA63DA65D83
:1075D000A65DA65DA65DA65DA65DA65DA65D7CF624
:1075E0007D167D167D167D167D16851785178537C8
:1075F00085378537855785578557855885588D78C0
:107600008D788D788D988D988D998D9995B995D91E
:1076100095DA95FA95FA95FA961B961B963B9E5B22
:107620009E5C9E5CAE5D8D19957C959D957D957C4F
:10763000959C5BD4AEBEA69D3A6E5AF2631363135B
:10764000631363335AF16353A57B9D5A9D5A9D5A28
:1076500084B89D9B955A8D19955A8D19953A8CFA37
:107660006C18743884FA8D3B84F98D3B851B749AB1
:107670008D1AA5DB9D9B955A957A959B9DBB955A36
:1076800063747C177C377C387C799D19FFFFF7BECB
:10769000CF1E8D3C9D7F849B849B84BAA61D8D1B31
:1076A000A61DFFFFFFFFFFFF9DBB95FF95FDBF9F41
:1076B000B71EE7FFE7DF9DFBB5F8FFFF9DD8A5DB11
:1076C000A61CA61CA61CA61CA61CA61CA61CA61CAA
:1076D000A63CA63DA63DA63DA63DA63DA63DA63D93
:1076E000A63DA63DA63DA63DA63DA63DA63DA63D82
:1076F000A63DA63DA63DA63DA63DA63DA63DA63D72
:10770000A63DA63DA63DA63DA63DA63DA63DA65D41
:10771000A65DA65DA65DA65DA65DA65DA63D7CF602
:107720007D167D167D167D1685178537853785373D
:107730008537853785578557857885788578857825
:107740008D788D788D788D988DB98DB995D98DD9A5
:1077500095DA95FA95FA95FA961B961B963B963C08
:107760009E5C9E5C9E5C9E7C9E7D8D9A9D9B959C66
:10777000959C959C959C8D7C951B953C951B9D3B64
:1077800094D98CD89D7B747784DA7C9984DA6C16D2
:107790009D5B955A955A953A955A953A8CF98CF97C
:1077A0008D1A8D398D198D198D198CD984B97C99C3
:1077B0007458955C7CB8959A957A957A9DDBA61B52
:1077C000A5FC849874177C387C5984798CD9F7FF90
:1077D000FFFF4AAC8D1A8CBC84BB8CBB8D1A953DC7
:1077E00084DCB65CFFFFFFFF9DDC9E1F9DBABEDB05
:1077F000DFBFEFFF9E3CD77EFFFFFFFFFFFF9D57E0
:10780000A61CA61CA61CA61CA61CA61CA61CA61C68
:10781000A61CA63CA63CA63CA63CA63DA63DA63D75
:10782000A63DA63DA63DA63DA63DA63DA63DA63D40
:10783000A63DA63DA63DA63DA63DA63CA63DA63D31
:10784000A63DA63DA63DA63DA63DA63DA63DA65D00
:10785000A65DA65DA65DA65DA65DA65DA63D7D16A0
:107860007D167D167D167D168537853785378537DC
:1078700085578557855785788D7885788D988D982B
:107880008D988D988D988DB88DB98DB98DD98DDAEB
:1078900095DA95FA95FA961A961B963B963B9E3C7E
:1078A0009E5C9E5C9E7C9E7D9E7D9E7D9E9DAEDEB2
:1078B000A69DB6DF8D9A6C5563D4531353136BB4E6
:1078C000A5DBA5BC7CB98D3A8D3B84DAADBD951A9C
:1078D000953A9D9BADFCA5DB9559A5BB9D7AA5BBB3
:1078E0009D7A95398D19953A8D198D198D3A8D1985
:1078F0008D1A8D1B74589D9B9D9A959A9D9A9DDB20
:10790000A61BAE3CB65E7C587C38847984998499F9
:107910006350FFFFF7FF94DB8CBC8CBCB65ED79F37
:10792000C75EDFBFDF5DFFFF9DFD9DFDD75DC69A92
:10793000F7FF9E5BB6DBE73CF79EFFFF9D77A61C3B
:10794000A61CA61CA61CA61CA61CA61CA61CA61C27
:10795000A61CA61CA61CA61CA61CA61CA61CA63CF7
:10796000A63DA63DA63CA61CA61CA61CA61CA63C85
:10797000A63DA63DA63DA63DA63DA63DA63DA63DEF
:10798000A63DA63DA63CA63CA63DA63DA63DA63CE2
:10799000A63DA63DA63DA63DA63DA63DA63D7D161F
:1079A0007D167D1685378537853785378537855729
:1079B000855785578D7885788D988D988D998DB957
:1079C0008DB98DB98DB98DD98DD98DD98DDA95DADD
:1079D00095DA95FA95FA961B961B963B963B965C24
:1079E000965C9E5C9E7C9E7D9E7D9E9D9E9D9E9DAA
:1079F0009EBE9E9E9EBD9E9DA61C52D195199D9A8F
:107A0000A5DC7C998D3B953B9D7C95199519955AE4
:107A100084D89DBBA5DBADDB955AADFC9DBA9DBA64
:107A20009D9AA5BB9DBBA5DB95598D398D398D39A7
:107A30009559955A8D1A8499957A9DBA959A9DBBB8
:107A40009DDBA61BAE5CB69E637584998499849970
:107A500084BA8CD9FFFFFFFF84767C99C71FA65D8F
:107A6000B71FA67DD79FF7FF95DCDFDFCF5DFFFF58
:107A7000963DA69CF7DFFFFFFFFF8CF4A63CA5FC1C
:107A80009E1C9E1C9E1CA61CA61CA61CA61CA61CFE
:107A9000A61CA61CA61CA61CA61CA61CA61CA61CD6
:107AA000A61CA61CA61CA61CA61CA61CA61CA61CC6
:107AB000A61CA61CA61CA63DA63DA63DA63DA63D11
:107AC000A63DA63DA63DA63DA63DA63DA63DA63D9E
:107AD000A63DA63DA63DA63DA63DA63DA63D7D16DE
:107AE0007D167D16853785378537853785378557E8
:107AF0008557857885988D988DB88DB88DB88DB956
:107B00008DB98DD98DD98DDA95FA8DDA8DDA8DDA38
:107B100095DA95FA961A961B961B963B963B965CC1
:107B2000967C965C9E7C9E9D9E9D9E9D9E9D9E9D10
:107B30009E9D9E9D9E9D9E7D9DFC8D199D9AA5DC82
:107B40007C9984FA6BF58CF995198D199D5A9D7B5A
:107B5000ADFC9DBAA5FBADDB95399DBAADFBADFB88
:107B6000ADFBA5BAA5DB9D79AE1CA5FB9DBA9D9A80
:107B70009D9A9DBA9DBB8D1A8D1A95999DBA9DDAD5
:107B8000A5DBA5FBA61CAE9DBEFF8D1A847A849A48
:107B900084BA8CDB953BA537FFFF8474A65E9E3EBE
:107BA000AEFFAF1F95FBDFBFA65CE7FFD75DAEDD85
:107BB00096BFEFFFFFFFB659F7DF9D77A5FCA5FC49
:107BC000A5FCA5FC9E1C9E1C9E1C9E1CA61CA61C07
:107BD000A61CA61CA61CA61CA61CA61CA61CA61C95
:107BE000A61CA61CA61CA61CA61CA61CA61CA61C85
:107BF000A61CA61CA61CA61CA61CA61CA61CA63D54
:107C0000A63DA63DA63DA63CA63CA63CA63DA63D5F
:107C1000A63DA63DA63DA63DA63DA63DA63D7D169C
:107C20007D1685367D168537853785378557855787
:107C300085788D788D988D988DB88DB88DB98DD9C2
:107C40008DD995FA95FA8DFA8DFA8DFA8DDA8DDA4D
:107C500095DA95FA961A961B961B963C965C965C5E
:107C6000967C9E7C967C9E7D9E9D9E9D9E9D9E9DCF
:107C70009E9D9E9D9E9D95DB9DBB9D9A9DBA84B9C0
:107C80007C99955B8CD8A5DC957A955AA5DA8D18E8
:107C9000A5DBA5DBA5FBA5DA9D599D9AADFBADFB48
:107CA000ADFBAE1BAE1BAE1BA5DAA5DAADFBAE1B62
:107CB000A5FA9DDAA5DA9DBA8D3A8D39A5FA9DDB34
:107CC000A5FBA5FBA61CAE5CAE9DBEFF8CFA84B9DD
:107CD000849A84DA84DB8CDB9517FFFFFFFFA67E96
:107CE000B71FB71FB73F7CD8DFFF95B7CF3D9EFECC
:107CF000AF3FFFFFFFFF9DB7FFFFA5D89E1C9DFC78
:107D0000A5FCA5FC9DFC9DFC9DFC9DFC9E1C9E1C59
:107D10009E1CA61CA61CA61CA61CA61CA61CA61C5B
:107D2000A61CA61CA61CA61CA61CA61CA61CA61C43
:107D3000A61CA61CA61CA61CA61CA61CA61CA61C33
:107D4000A61CA63DA61CA63DA63DA63CA63CA63C60
:107D5000A63DA63DA63DA63DA63DA63DA63D7CF67C
:107D60007D167D1685368537853785378557855746
:107D700085778D988D9885988DB98DB98DD98DD948
:107D80008DD98DFA95FA95FA95FA8DFA95FA8DDADC
:107D900095FA95FA961A963B963B963B965C965CBE
:107DA000965C967C9E9D9E9D9E9D9E9D9E9D9E9D6D
:107DB0009E9D9E9DAEBE8D3A9DBBA5DB6C167C79CB
:107DC0008CD9A5DBA5BB9D7A9DBA9DBBA5FB9D7AF1
:107DD000A5DB9DBBADFCADFB9D799D9AADFBAE1BBC
:107DE000AE1BAE1BAE1BAE1BAE1BAE1BADFAADFB8E
:107DF000CF3FA5FAA5DAA5FA9DDB955B9D99CF1E2D
:107E00009DDA9DFBA61CAE7DBEDEBEDEBF1FA5BB00
:107E10009CFB8CBA84BA8CDA8D1C9D5BFFFFF7DF6C
:107E2000BEFEB71FB71FA65DBEDED75DB71DAF7F15
:107E3000A619F7BEF7FFBF3EFFFFA5FA9DFB9DFB0E
:107E40009DFB9DFB9DFB9DFB9DFB9DFB9DFB9DFB72
:107E50009DFB9DFC9DFC9E1C9E1C9E1CA61CA61CA6
:107E6000A61CA61CA61CA61CA61CA61CA61CA61C02
:107E7000A61CA61CA61CA61CA61CA61CA61CA61CF2
:107E8000A61CA63CA63CA63CA63CA61CA61CA61C62
:107E9000A63DA63DA63CA63DA63DA63DA63D7D161B
:107EA0007D167D1685368537853785378537857804
:107EB0008D7885988D988DB98DB98DD98DD98DD9BD
:107EC0008DD98DFA8DFA8DFA8DFA8DDA8DDA8DDAFB
:107ED0008DFA95FA961B963B963B963B963C965CA4
:107EE000965C9E7C967C9E9D9E9D9E9D9E9D9E9D4D
:107EF0009E9DA67D957A9DBBA5BBA5DC84998D1919
:107F0000ADFC9DBA9D7AA5BA957AA5DBA5DB9D7AD5
:107F1000A5DB9DDB9DBAADFBADFB9D7AADFBAE1B3A
:107F2000AE1BAE1BAE1BAE1BAE1BAE3BAE3BB63BA1
:107F3000B63B8D56AE3AAE1BA5FA9DBA955B9D98A1
:107F4000C71CAE3BB65CAE7CBEDDBEDDBEFEBEFE7B
:107F5000849784787C5884998CDA8D1B9D7CEFBF44
:107F6000FFFFC75FB6FFEFFFB6BEC6FCD7BEDFFFA1
:107F7000D71BFFFFB73FD73DFFFF9DDA9DFB9DFB62
:107F80009DFB9DFB9DFB9DFB9DFB9DFB9DFB9DFB31
:107F90009DFB9DFB9DFB9DFC9DFC9E1C9E1C9DFCDA
:107FA0009DFCA61CA61CA61CA61CA61CA61CA61CEA
:107FB000A61CA61CA61CA61CA61CA61CA61CA63C91
:107FC0009E3CA63CA63CA63CA63CA63CA61DA61DE7
:107FD000A61CA63DA63C9E3C9E3C9E3CA63D7D1616
:107FE0007D167D17853685378537855785578557A3
:107FF000857885988D988DB98DB98DD98DD98DD984
:108000008DD98DFA8DFA8DFA8DFA8DFA8DDA8DDA99
:108010008DFA95FA961B963B963B963B965C965C42
:10802000965C967C967C9E9D9E9D9E9D9E9D967D3B
:108030009E7DA5FD9DBB9DBA9DDA84B8953AA5BAF3
:10804000A5BA9D9AA59A95399DBAA5DAA5DB957929
:10805000A5FB9DBB9DBAADFBADFAA5BAA5BAAE1BFB
:10806000AE1BAE1BAE1BAE1BAE3BB63BB63BB63B30
:10807000B63BB63BADD9EFDFA5D9A619A5DA8D3948
:10808000D73EE7BFAE7CB6BDB6BDBEBDBEDDC71E2A
:10809000BEBE84D77BF68479849984BA8CDA953B0A
:1080A00073F2FFFF9556EFDFFFFFDF5DDF9EEFFF0F
:1080B0008D36B75FB73FF7FFC6BB9DFB9DDB9DFBD2
:1080C0009DFB9DFB9DFB9DFB9DFB9DFB9DFB9DFBF0
:1080D0009DFB9DFB9DFB9DFB9DFB9DFB9DFB9DFCDF
:1080E0009DFC9DFC9DFC9E1C9E1C9E1C9E1CA61C1B
:1080F000A61CA61CA61CA61CA61CA61CA61CA61C70
:108100009E1CA61CA61CA61CA61CA61CA61CA61C67
:10811000A61CA61C9E3C9E3C9E3C9E3CA63C7D16FE
:108120007D1685377D37853785378557855785781F
:10813000857885788D988D988DB98DD98DD98DD983
:108140008DFA8DFA8DFA8DFA95FA8DDA8DDA8DDA4F
:1081500095FA95FA961B961B963B963B965B965C1A
:108160009E7C9E7D967C967C967C9E9D967C965C65
:10817000A65D957A9DBB9DBA9D9B63D59519A5BAC1
:10818000A5DA9559A5BA9D9AA5BAA5DAA5DA9559A1
:10819000A5FB9DBA9DBAA5DBADFAADDB9D59ADFB44
:1081A000AE1AAE1BAE1BAE1BAE1BB63BB63BB63B10
:1081B000B63BB63BB63B9D36F7BFC67AF7FF9D99F7
:1081C0009D79F7DFCEFCB69CBEBDBEFDBEDDBF1EF9
:1081D000C73EBEDE7C357C168479849984BA8CDAFD
:1081E000951B8CD6FFFFADD7FFFFFFFF9D35C73D29
:1081F000B67BBF1FB6DDFFFFA5FA9DDB9DDB9DFBB8
:108200009DFB9DFB9DFB9DFB9DFB9DFB9DFB9DFBAE
:108210009DFB9DFB9DFB9DFB9DFB9DFB9DFB9DFB9E
:108220009DFC9DFC9DFC9E1C9E1C9E1C9E1C9E1CE1
:108230009E1C9E1C9E1C9E1CA61CA61CA61CA61C4E
:10824000A61CA61CA61CA61CA61CA61CA61CA61C1E
:10825000A61CA63C9E3C9E3C9E3C9E3C9E3C7D16A5
:108260007D167D177D3785378537855785788577E6
:10827000857885788D988DB88DB88DD98DD98DD923
:108280008DD98DD98DDA8DFA8DDA8DDA8DDA8DDA98
:1082900095FA961A961B963B961B963B965C965CB7
:1082A000965C967D967C967C967C967C967C9E5D74
:1082B000955A9DBB9DBA9DBA8CF98CF9A5BA9D992A
:1082C0009537A5BAA5DB9D7AA5DAA5DAA5DA8D38AA
:1082D000ADDA9DBA9DBA9DBAADFAADFBADFAAE1B53
:1082E000AE1AADFAAE1BAE1BAE1BB63BB63BB63BF1
:1082F000B63BB65BBE7CBE9D9D56FFFFFFFFFFFFFA
:10830000ADFAB61BFFFFD75DBEDDBEDDBEFDBF1DF6
:10831000C71EBEFEBEDD84967C1584788479849A5F
:108320008CDA8D1BA59BFFFFFFFFFFFFFFFF8CB2C9
:10833000D77ECF7EF7DF9D779DDA9DDB9DDB9DFBB2
:108340009DFB9DFB9DFB9DFB9DFB9DFB9DFB9DFB6D
:108350009DFB9DFB9DFB9DFB9DFB9DFB9DFB9DFB5D
:108360009E1B9E1C9E1C9E1C9E1C9E1C9E1C9E1C3E
:108370009E1C9E1C9E1C9E1C9E1C9E1C9E1C9E1C2D
:108380009E1C9E1CA61CA61CA61CA61CA61CA61CED
:10839000A61CA61C9E1C9E1C9E1C9E1C9E1C7D1624
:1083A0007D167D167D3785378537855785578578C6
:1083B0008578859885988DB88DB98DD98DD98DD9C9
:1083C0008DD98DD98DD98DD98DDA8DDA8DDA8DDA79
:1083D00095FA95FA961B961B963B963B965C965C97
:1083E000967C967D967D967D967D967C965CA65D28
:1083F0009D9B9DBB9D9A9D9A74369DBAA5BA8D167C
:108400009D99A5BA8D189D9AA5DAA5DAA5FAAE1C94
:10841000ADFBA5BA9DDA9DDAA5FAAE1AADFAADFAB2
:10842000AE1BADFAAE1AAE1AB63BB63BAE3BB63B90
:10843000B63BB63BBE7CBE7CBE9C8473FFFFFFFF99
:10844000FFFFAE3CCEBBFFFFD73DBF1EC71DC71D04
:10845000C71DC71EBEDDC6FE63B25B11847884995A
:108460008CB98CDA8CFB953AC69CF7DFCEDCFFFF2B
:10847000BE5AD71CAE1C9DDA9DDA9DDB9DDB9DDBD1
:108480009DDB9DDB9DDB9DDB9DDB9DDB9DFB9DFBEC
:108490009DFB9DFB9DFB9DFB9DFB9DFB9DFB9E1BFB
:1084A0009E1B9E1B9E1B9E1B9E1B9E1B9E1B9E1B04
:1084B0009E1C9DFC9DFC9DFC9DFC9E1C9E1C9E1C70
:1084C0009E1C9E1C9E1C9E1C9E1C9E1C9E1C9E1CDC
:1084D0009E1C9E1C9E1C9E1C9E1CA63C9E1C7D16CB
:1084E0007D167D167D3785378537855785578558A5
:1084F00085788598859885B88DB98DB98DD98DD9B0
:108500008DD98DD98DD98DD98DDA8DDA8DDA8DDA37
:1085100095FA95FA961B961B963B963B965C965C55
:10852000965C967C967C967C965C965C965C9DDBD5
:10853000957A9D9A9D9A9D9A95199DB9A5DACF5FD6
:108540009DBAA5BA9D7A9579A5DAA5DAA5DAADFB2B
:10855000ADFBADDAA5DAA5BA9DDAADFBADFAADFAA1
:10856000ADFBB61BAE1AB63BAE1AB63BB65BB65BFE
:10857000B65BB67BB65BBE7BB65BBE5BEF9EFFFFBA
:10858000FFFFBE3A9558FFFFFFFFD71CC6FDCF3E49
:10859000C73EC73EC73EC6FEBEBD53116B9384782F
:1085A000849984BA8CFA951B957B9D58F7BECF1C95
:1085B000FFFFB5F7FFFFA5FB9DDA9DDB9DDB9DDB94
:1085C0009DDB9DDB9DDB9DDB9DDB9DDB9DFB9DFBAB
:1085D0009DFB9DFB9DFB9DFB9DFB9DFB9DFB9DFBDB
:1085E0009DFB9DFB9DFB9DFB9DFB9DFB9E1B9E1B89
:1085F0009E1B9DFC9DFC9DFC9DFC9DFC9DFC9DFC93
:108600009DFC9DFC9DFC9E1C9E1C9E1C9E1C9E1CFD
:108610009E1C9E1C9E1C9E1C9E1C9E1C9E1C7D16B1
:108620007D167D168536853785578557855785573D
:108630008578859885988DB88DB98DB98DD98DD966
:108640008DD98DD98DD98DDA8DFA8DFA8DFA8DFA75
:108650008DFA8DFA961B961B963B963B965C965C24
:10866000967C967C967C965C965C963C961CA5DBEC
:108670009D9A9D9A9D799D59A59A9D9A957895B8B0
:10868000A5B9A5BA957AA5DAA5DAA5DAA5DAA5DAA3
:10869000ADFBA5DA9DBA9DDAA5DAA5BAAE1BB61A6E
:1086A000B61AB63CB63BAE1BB63BB63BB65BBE7B22
:1086B000BE7BBE7BBE7BB65BBE7BC6BB8CB3FFFF07
:1086C000FFFFFFFFBE9CCEDCFFFFFFFFDF5DCF7F24
:1086D000CF3EC73EC73DC71EB6DDBEBD4B106BB417
:1086E0007C57849984DA8D1B953B955B9D59FFDF00
:1086F000D6FBFFFFFFFFC65B95DB9DDB9DDB9DDBB4
:108700009DDB9DDB9DDB9DDB9DDB9DDB9DDB9DDBA9
:108710009DDB9DFB9DFB9DFB9DFB9DFB9DFB9DFBB9
:108720009DFB9DFB9DFB9DFB9DFB9E1B9DFB9DFB68
:108730009DFB9DFC9DFC9DFC9DFC9DFC9DFC9DFC72
:108740009DFC9DFC9DFC9E1C9E1C9E1C9E1C9E1CBC
:108750009E1C9E1C9E1C9E1C9E1C9E1C9E1C7CF691
:108760007D167D16853685578537855785578557FC
:1087700085578598859885B88DB98DB98DD98DD94E
:108780008DD98DB98DD98DFA965C8E3B8DFA8DFA87
:108790008DFA95FA95FA961B963B963B965C965CFD
:1087A000965C965C965C965C963C961B5C149D9BD6
:1087B000957A9D999D797C56A599A5BAD79F95786C
:1087C000A5B9A5DA9DBBA5DBA5DAA5DAA5DAA5DAF8
:1087D000ADFAADFAADFA9DBAA5DAA5DAA5DAB63BDF
:1087E000B63BAE1ABE9BB619B63BB63BB63BBE9C7B
:1087F000BE7BBE7BB65BBE7BBE7BB67BCEBB9536FF
:10880000FFFFFFFFEFBFCF3FF7FFFFFFFFFFDF5D82
:10881000D77ECF5ECF5EC75EC6FEC73E9DDA6B9346
:10882000639273F58CB98CFA953B955B955C9D9A38
:10883000F7DF9535F7FFFFFFA5DA9DDB9DDB9DDBBD
:108840009DDB9DDB9DDB9DDB9DDB9DDB9DDB9DDB68
:108850009DDB9DDB9DDB9DFB9DFB9DFB9DFB9DFBB8
:108860009DFB9DFB9DFB9DFB9DFB9DFB9DFB9DFB48
:108870009DFB9DFC9DFC9DFC9DFC9DFC9DFC9DFC31
:108880009DFC9DFC9DFC9E1C9E1C9E1C9E1C9E1C7B
:108890009DFC9E1C9E1C9E1C9E1C9E1C9E1C7CF671
:1088A0007D167D167D3685378557855785578557C3
:1088B00085778578859885988DB98DB98DB98DB96D
:1088C0008DB98DB98DD98DFA8E5B8E3B8DFA8DFA6F
:1088D0008DFA8DFA95FA961B963B963B965C965CC4
:1088E000965C965C965C963C961B95FB9DDB959AF8
:1088F0009D9A9D999D9974149D99A5BABEFDA5B99F
:10890000A5B9ADFB9D9AA5DAA5DAA5DAA5D9A5DAB0
:10891000A5DAADFAAE1AA5B9A5DAA5DAA5DAAE1AC6
:10892000B65BB63BB65BBE7AFFFFADF9B63BB65B56
:10893000BE7BBE7BBE7BBE7BBE9BBE9BBE9CC69AE7
:108940009D36FFFFFFFFBE9BC6FDFFFFFFFFFFFF42
:10895000E77DDF9ECF7ECF5ECF5EC71DCF5F8D5898
:108960006BD473D3635284778CFA953B9D5B9D9C4B
:108970009D9AFFFFADB6FFFFEF9F95DB9DDB9DDB73
:108980009DDB9DDB9DDB9DDB9DDB9DDB9DDB9DDB27
:108990009DDB9DDB9DDB9DDB9DDB9DDB9DDB9DFBF7
:1089A0009DFB9DFB9DFB9DFB9DFB9DFB9DFB9DFB07
:1089B0009DFB9DFB9DFB9DFB9DFB9DFB9DFC9DFCF5
:1089C0009DFC9DFC9DFC9DFC9DFC9DFC9DFC9DFCDF
:1089D0009DFC9E1C9E1C9E1C9E1C9E1C9E1C7CF630
:1089E0007D167D167D368557853785578557855782
:1089F000855785988D988DB885B885988598859880
:108A0000859885998DB98DDA8DFA8DFA8DDA8DFA82
:108A10008DFA961A961B961B963B963C963C965C56
:108A2000965C963B963B8E1B8E1B95FB95BA957973
:108A30009D999D799D799D799DB9A5DA9DD9A5B915
:108A4000A5BA9D799D9AA5DAADFAADFAADFAA5DA87
:108A5000A5DAADFAB61AB61AA5DAA5DAA5DAA5DA54
:108A6000AE1AB63AB63AB65BBE5AFFFFA555B63A4D
:108A7000BE5BB65BBE7BBE9CC6BCC6BCC6BCC6DC11
:108A8000FFFFADD8FFFFFFFFCF3ED73DFFFFFFFF4A
:108A9000FFFFFFFFDF7ED79ECF5EC73ECF5EB69D56
:108AA000A5FB7C366BB373D48C988CD99D5B9D7C75
:108AB0009D9C9DBBEF7EC618FFFF9DBB9DDB9DDB94
:108AC0009DDB9DDB9DDB9DDB9DDB9DDB9DDB9DDBE6
:108AD0009DDB9DDB9DDB9DDB9DDB9DDB9DDB9DDBD6
:108AE0009DDB9DFB9DFB9DFB9DFB9DFB9DFB9DFBE6
:108AF0009DFB9DFB9DFB9DFB9DFB9DFB9DFB9DFCB5
:108B00009DFC9DFC9DFC9DFC9DFC9DFC9DFC9E1C7C
:108B10009E1C9E1C9E1C9E1C9E1C9E1C9E1C7CF6CD
:108B20007D167D167D368536853785578557855761
:108B300085778578859885988D988D98859885987E
:108B40008D9885988DB98DB98DD98DD98DD98DFA9E
:108B50008DFA8DFA8E1B961B963B963C965C963C46
:108B6000963B963B8E1B95FB8DFB95FA9DBA9559CE
:108B70009D799D999D999D9A9DBA5BB19DB99DB92D
:108B8000A5B97C759D9AA5DAADFAADFAADFA9D78D6
:108B9000ADDAB61AAE1AB63BADFAA5DAA5FAADFA59
:108BA000ADFAAE3BBE5BBE5ABE5BBE7BADB7F7DF78
:108BB0008CD4C6BBBE7BBE9BC6DCC6DCC6FCC6FC7A
:108BC000CF1DFFFFCEDBFFFFD71DA5F9F7FFFFFF8E
:108BD000FFFFFFFFFFFFF7FFE7FFD79ECF5ECF3D11
:108BE000C75FC73F63B26BD3847694F99519951A22
:108BF0009D7B9DBC9D9CFFFF9D579DBB9DBA9DBAD3
:108C00009DDB9DDB9DDB9DDB9DDB9DDB9DDB9DDBA4
:108C10009DDB9DDB9DDB9DDB9DDB9DDB9DDB9DDB94
:108C20009DDB9DDB9DDB9DDB9DDB9DFB9DFB9DFB24
:108C30009DFB9DFB9DFB9DFB9DFB9DFB9DFB9DFB74
:108C40009DDB9DFC9DFB9DFB9DFB9DFC9DFC9DFC80
:108C50009DFC9DFC9E1C9E1C9E1C9E1C9E1C7CF6CE
:108C60007CF67D167D168536853685578557857742
:108C700085778577859885788598857885788578CE
:108C80008598859885988DB98DD98DD98DD98DDAAE
:108C90008DFA8DFB961B8E1B963B963C963B963B26
:108CA000961B8E1B8DFB8DFA8DDA8D789DBA9D9A61
:108CB0009D799D999D999D9AA5BAD77FA5D99DB972
:108CC000A5B97C759D9AADFAAE1AAE1AAE1AA5B9C1
:108CD000ADFAADFAB61AB61AB61AADD9ADFAA5FA0A
:108CE000AE1AAE1AAE1ABE5BBE7BBE7BC69BC69AE0
:108CF000CE9AFFFFB5F8C69BC6DDCEDCCEFCCF1CFE
:108D0000D73DDF5EF7FFD6FCFFFFCF3EDF5EFFFF04
:108D1000FFFFFFFFFFFFFFFFFFFFEFBFDFBFF7FF1B
:108D2000CF5EBEDDBF1F4AAE7C159519951995190A
:108D3000953A9D7B9DBCA59AFFFF9DBA9DBB9DBAB0
:108D40009DBA9DBA9DBA9DDB9DDB9DDB9DDB9DDBC6
:108D50009DDB9DDB9DDB9DDB9DDB9DDB9DDB9DDB53
:108D60009DDB9DDB9DDB9DDB9DDB9DDB9DDB9DDB43
:108D70009DDB9DDB9DDB9DDB9DDB9DFB9DFB9DFBD3
:108D80009DFB9DFB9DFB9DFB9DFB9DFB9DFB9DFB23
:108D90009DFB9DFB9DFC9DFC9DFC9E1C9E1C7CF6F2
:108DA0007CF67D167D167D367D3685578557857711
:108DB00085578577857785778578857885788578EF
:108DC000859885988D988D998DB98DB98DD98DDAC5
:108DD0008DFA961B8E1A963B963B963B963B8E1BC6
:108DE0008DFB95FB8DFB8DDA8DDACFDF9DBB9D9AD8
:108DF0009D799D99A5BA9D79A5BADF9F9DB9A5BA20
:108E0000A5BA8CF79D9AADFAAE1AAE1AAE1AAE1A82
:108E1000B5FAADFAADFAADD9ADB9ADFAADD9ADFA95
:108E2000AE1AAE1AAE1AB63AB65BBE7BBE9BBE9BFE
:108E3000C6BBBE39D71CFFFFFFFFBE7ABE7BC6DDB7
:108E4000CF1DCF3DD71CE79EFFFFD75EB67BDF5E11
:108E5000FFFFFFFFDEFBFFFFFFFFFFFFFFFFF79EB0
:108E6000D75DCF9FBF3ED79ECE9C8CD7A59B951933
:108E7000951A953A953A9D9CFFFF9DBA95BA95BA79
:108E800095BA95BA95BA95BA9DBA9DBA9DDB9DDB08
:108E90009DDB9DDB9DDB9DDB9DDB9DDB9DDB9DDB12
:108EA0009DDB9DDB9DDB9DDB9DDB9DDB9DDB9DDB02
:108EB0009DDB9DDB9DDB9DDB9DDB9DDB9DDB9DDBF2
:108EC0009DFB9DDB9DFB9DFB9DFB9DFB9DFB9DFB02
:108ED0009DFB9DFB9DFB9DFB9DFC9DFC9DFC7CF5F6
:108EE0007CF57CF67D167D368536855785578598C9
:108EF00085988577857785778557855785788578AF
:108F000085788598859985998DB98DB98DD98DDAB2
:108F10008DFA8E1A961B963B961B8E1B8E1B8E1BF4
:108F20008DFA8DDA8DDA8DDA8DBAD7FF9DBAA5BAB2
:108F30009D999DB9A5B99D79A5BA9DB8A5B9A5DAA0
:108F4000A5DAADDB9D9AA5FAB61AADFAADDAB61A76
:108F5000ADFAB5FAB5FAB5FAA5B9B5FAB61AADFAD9
:108F6000ADFAAE1AAE3AB63BB63BB65BC69BC69BF5
:108F7000C69BC6BBBE7ACEDCDF3DFFFFFFFFF7DF3F
:108F8000CEDCD73EC6DCCF3DBE9BD73CD73ED75EBE
:108F9000FFFFFFFFFFFFFFFFFFFFFFFFFFFFFFFFE1
:108FA000FFFFCF5ED79FCF9FDF7EBEBC9D7A951916
:108FB0009539951A953A9D5BFFFF9DDA959A95BA7A
:108FC00095BA95BA95BA95BA95BA95BA9DBA9DBA19
:108FD0009DBA9DBA9DDB9DDB9DDB9DDB9DDB9DDB13
:108FE0009DDB9DDB9DDB9DDB9DDB9DDB9DDB9DDBC1
:108FF0009DDB9DDB9DDB9DDB9DDB9DDB9DDB9DDBB1
:109000009DDB9DDB9DDB9DFB9DFB9DFB9DFB9DFB00
:109010009DFB9DFB9DFB9DFB9DFB9DFB9DFB7CF5B7
:109020007CF57CF67CF67D167D367D37855795F987
:1090300085978557857785578557855785578578CF
:1090400085788598859885998DB98DD98DD98DDA52
:109050008DFA8E1A961B961B8E1B8E1B8E1B8DFAFD
:109060008DDA8DDA8DDA8DDA8DB9BF5D9DB9A5BA4D
:109070009DB9A5B9A5B99D9AA5DAA619A5DAA5D96C
:10908000A5DAADFB9DBAADFAADFAADDAADDABE3B0D
:109090009D58B61AB61AB61AB61AB5DAB5FAB61A8D
:1090A000ADD9B63BB63BB63BB63BB65BB65BB65B43
:1090B000C6BBC6BBC6BBC6DBCEFCD71DDF3DFFFFB4
:1090C000FFFFFFFFFFFFFFFFBE39C69BD73DDF5FFE
:1090D000DF5EFFFFFFFFFFFFFFFFFFFFFFFFFFFF61
:1090E000FFFFC6BBCEDCF7FFFFFFE7BFFFFF94D754
:1090F000953A951A953A9539D6BA9D5695BA959A54
:10910000959A959A959A95BA95BA95BA95BA95BA47
:1091100095BA95BA95BA9DDB9DBA9DDB9DDB9DDB2B
:109120009DDB9DDB9DDB9DDB9DDA9DDA9DDA9DDA83
:109130009DDA9DDB9DDB9DDB9DDB9DDB9DDB9DDB70
:109140009DDB9DDB9DDB9DDB9DDB9DDB9DDB9DDB5F
:109150009DFB9DFB9DFB9DFB9DFB9DFB9DFB74D59E
:109160007CF57CF67D167D167D36853785578557CF
:1091700085578557855785578557855785578578EE
:1091800085788578859885988DB98DD98DD98DDA32
:109190008DFA8DFA961A8E1A8E1A8DFA8DFA8DDA4C
:1091A0008DDA8DDA8DBA8DBA961A9E399DB99D9950
:1091B000A5B99DB9A5BAA5DBAE1BA5DAA5DAADDACE
:1091C000ADFAADFAA59AA5FAB5FAADFAB5FAB61A9E
:1091D000A5B9B61AB619B61AB61AB5FAB5FAB61AC4
:1091E000ADFAADD9B61AB63BB63BB65BB65BB65B6D
:1091F000B67BBE9BC6BCC6DCC6DCCEFCCEFCDF5E4E
:10920000DF1CFFFFFFFFFFFFFFFFFFFFFFFFFFFF71
:10921000FFFFFFFFFFFFFFFFF7FFFFFFFFFFFFFF66
:10922000FFFFFFFFFFFFFFFFCF7ECFDFEFFFFFFF5F
:10923000BE1A9D59953A8CB6FFFFFFFF9599959AF6
:10924000959A95BA95BA95BA959A95BA95BA95BAE6
:1092500095BA95BA95BA95BA95BA95BA9DBA9DBA86
:109260009DBA9DBA9DDB9DDB9DDB9DDA9DDA9DDA83
:109270009DDA9DDA9DDB9DDB9DDB9DDB9DDB9DDB30
:109280009DDB9DDB9DDB9DDB9DDB9DDB9DDB9DDB1E
:109290009DDB9DFB9DFB9DFB9DFB9DFB9E1C74D55B
:1092A00074D57CF67D167D167D167D368536853720
:1092B000853785378537853785378557855785774E
:1092C00085788578859885988DB98DD98DD98DD9F2
:1092D0008DFA8DFA961A8DFA8DFA8DFA8DDA8DDA6D
:1092E0008DB98DB98DB98DB99E9995F99D799D7975
:1092F0009D999DB9A5BAA5DA8D38A5DAA5DAADFA9A
:10930000ADFAAE1B9D7AA5DAB61AB61AB61AB61A17
:10931000BE3BADBABE3BB61ABE3ABE3AADD9B61ADE
:10932000BE1ABE1AADD9A5D9B63BB65BB65BB65B65
:10933000B67BB67BBE9BBE7BC6DCCEDCCEFCCEFC59
:10934000CF1CD73DDF5DDF3DFFFFFFFFFFFFFFFFCE
:10935000FFFFFFFFFFFFFFFFFFFFFFFFFFFFFFFF1D
:10936000FFFFFFFFFFFFDFDF9E7BCF9EEFFFDF5D95
:10937000FFFFFFFFE75EE79EFFFFFFFF9579959AEE
:10938000959A959A959A959A959A959A959A95BA45
:1093900095BA95BA95BA95BA95BA9DBA9DBA95BA45
:1093A00095BA95BA95BA9DDB9DBB9DBA9DDA9DDABB
:1093B0009DDA9DDA9DDA9DDB9DDB9DDB9DDB9DDBF0
:1093C0009DDB9DDB9DDB9DDB9DDB9DDB9DDB9DDBDD
:1093D0009DDB9DFB9DFB9DFB9DFB9DFB9DFB74D53C
:1093E00074F57CF57D167D167D167D367D167D36F1
:1093F0007D367D367D368537853785578577855728
:109400008578859885988D988DB98DD98DD98DDA87
:109410008DFA8DFA8DFA8DFA8DDA8DDA8DB98DB9D6
:109420008DB98599859985B8C7FE9DFA9D999D99B5
:109430009D99A599A5BAADDB5BB1A5DAA5DAADFA20
:10944000AE1AAE1A74149D9AADFAB63AB63AB61A76
:10945000B63A8CD6A598BE5ABE3ABE3ABE3AB5D9EF
:10946000BE1ABE1ABE3AB61AADDAADFAB65BB67B14
:10947000B67BB67BBE9BBE9BBE9BBEBCC6BCC6DCE1
:10948000CF3DCF3DD73DD75DDF5DFFFFE75DFFDF20
:10949000FFFFFFFFFFFFFFFFFFFFFFFFFFFFFFFFDC
:1094A000FFFFE77EADB7C6DBD7DFC79FC7BFC7BF2C
:1094B000CFBECFBECF9EDFFFFFFFFFFFAE1A959A54
:1094C000959A959A959A959A959A959A959A959A24
:1094D00095BA95BA959A95BA95BA95BA95BA95BA34
:1094E00095BA95BA95BA95BA95BA95BA95BA95DAE4
:1094F0009DBA9DDA9DDA9DDA9DDB9DDB9DDB9DDBD0
:109500009DDB9DDB9DDB9DDB9DDB9DDB9DDB9DDB9B
:109510009DDB9DDB9DFB9DFB9DFB9DFB9E1C74B518
:1095200074D57CF57CF57D167CF67D167D167D1652
:109530007D167D367D367D367D3785578557857717
:109540008577859885988DB98DB98DD98DD98DFA06
:109550008DFA8DFA8DDA8DDA8DD98DB98DB985991F
:10956000859985998599CFFFCFFF9DF99D799D9923
:109570009D99A5B9A5DAADDBADFBADFAADFAAE1A92
:10958000AE1BB61AB5FCA5BAB63BBE3ABE1BBE3A78
:10959000BE3AC67CADBABE5BBE3ABE3ABE3ABE3A31
:1095A000B5DABE1BBE3ABE3ABE3BADDAAE1AAE1A53
:1095B000BE7CBE9BBE9CBE9BBE9CBEBCBEBCC6DC75
:1095C000C6DCC6FCD75DE7DFD73DD73CE77DE77D4E
:1095D000E75DF79EFFFFF7DEE75C9D34FFFFFFFFCF
:1095E000F7FF73EFFFFFFFFFB639A61BC79FBF9FB3
:1095F000CFDF9E19DFFFD7DFE7DFFFFFE79E959AFA
:10960000959A959A959A959A959A959A959A959AE2
:10961000959A959A959A959A959A959A95BA95BA92
:1096200095BA95BA95BA95BA95BA95BA95BA95BAC2
:109630009DBA95BA95BA9DBA9DBA9DBB9DBB9DDB5F
:109640009DBA9DDB9DDB9DDB95DB9DDB9DDB9DDB83
:1096500095DB9DDB9DFB9DFB9DFB9DFB9DFB74B501
:1096600074D574D574F57CF57CF67CF67D167D1684
:109670007D167D167D367D367D36855785578577F7
:109680008578859885988DB98DB98DD98DD98DFAC4
:109690008DD98DD98DDA8DD98DB985998599859991
:1096A000859985998598CFFFC7FF9DFA9D799D99EA
:1096B0009D99A5B9A5BAA5DBADFBADFAAE1AAE1A58
:1096C000B61BB61AADDBADBBA5D9BE3ABE3ABE3AA3
:1096D000BE3ABE1A8CD6B5FBC65BBE3AC65AC65A4F
:1096E000BE3ABE1AB5FABE5BBE5ABE5BBE5BB61BC7
:1096F000B63BAE1BB65BBE9CBE9CBEBCBEBCBEBC7D
:10970000C6DCC6DCC6FDC6FDC73DD73ED73DDF5D26
:10971000EFBEFFFFFFFFFFFFFFFFEFDFCF1DD73ED5
:10972000FFFFFFFFFFFFFFFFFFFFA5D8959A9D9A60
:10973000E7FFDFFFDFDFDFDFDFDFFFFFFFFF9DBAD8
:10974000959A959A959A959A959A959A959A959AA1
:10975000959A959A959A959A959A959A959A95BA71
:1097600095BA95BA95BA95BA95BA95BA95BA95BA81
:1097700095BA95BA95BA95BA95BA95BA9DBA9DBB60
:109780009DBB9DBB9DBB9DBB95DA95DA95DB95DBBB
:1097900095DB95DB95DB9DDB9DDB9DFB9DFB74B431
:1097A00074B57CD574D574F574F57CF57CF57CF5D1
:1097B0007CF57D167D167D368537855785578577EF
:1097C00085788598859885B98DB98DD98DD98DDAAB
:1097D0008DD98DD98DB985B98599859885998599C2
:1097E0008599859985D8C7FFCFFF95B995589D99DB
:1097F000A5B9A5B9A5BAA5DBADFAAE1AAE1AB63BA6
:10980000B61BB63BADDB94F99D79BE3BBE3ABE5A62
:10981000BE5AC65AC65CA559ADB9BE5AC65AC67B11
:10982000C67BC67BBE1ABE1ABE3AC67BC67BC67B4B
:10983000C69CB61BB63BB63BB65CB65BBE9CC6BD13
:10984000C6DDC6DDC6FDC6FDC71DCF3ECF3ED75E19
:10985000D77EDF7EDF9FD77FD77FCF5FB65AFFFFF0
:10986000FFFFFFFFFFFFFFFFFFFFFFFFEFBF957948
:10987000B67CDFDFDFDFDFDFD7DFFFFFFFFF8D3706
:10988000959A9599959995999599959A959A959A64
:10989000959A959A959A959A959A959A959A959A50
:1098A00095BA95BA95BA95BA95BA95BA95BA95BA40
:1098B00095BA95BA95BA95BA95BA95BA95BB95BB2E
:1098C00095BB95BB95BB95BB95BB9DBB9DBB95DBE8
:1098D00095DB95DB9DDB9DDB9DFB9DFB9DFB74B4C8
:1098E000749474B474D574D574D574F57CF57CF522
:1098F0007D167D167D167D367D3785578557857794
:109900008578859885988DB98DB98DD98DD98DD962
:109910008DD985B98DB9859985988578857885782B
:1099200085788578CFFFC7FFC7FF95B99D79A5B921
:10993000A5B9A5DAADFB9D9AADFBAE1AB63BB63B19
:10994000ADFAB5FAADBAAD59A59BB61BBE3BBE5A32
:10995000C65AC67BC65B9CF7BDDAB599C67BC67A8C
:10996000C67BCE7BCE7BBE3ABE5BBE1ABE3BC69BE1
:10997000C67BC69BC69CC69CBE5BB67CBE7CBE7CC2
:10998000B69CBE9CBEBDBEBDBEDDC6FDC6FDCF1E27
:10999000CF3ED75ED75ECF3ED75FD73FCF1ED73DF6
:1099A000FFFFFFFFFFFFFFFFFFFFFFFFFFFFFFFFC7
:1099B000AE19DFDFDFDFDFDFD7DFE7BFFFFFA5B7F0
:1099C00095998D9995999599959995999599959A2E
:1099D000959A959A959A959A959A959A959A959A0F
:1099E000959A959A959A959A959A95BA95BA95BA9F
:1099F00095BA95BA95BA95BA95BA95BA95BA95BAEF
:109A000095BA95BA95BA95BB95BB95BB95BB95DBB9
:109A100095DB95DB95FB9DDB95FB95FB9DFB74949E
:109A200074B474B474B474D574D574D57CD57CF521
:109A30007CF67D167D367D3685378557855785784A
:109A40008578859885B885B98DB98DB98DB98DB969
:109A50008DB98599857885788578857885788578B4
:109A600085788598C7FFBFFFC7FF95B89558A5B9FA
:109A7000A5B9A5DAB61C9D79ADFBAE1AB63BB63BCF
:109A8000A5DAB61BAD9AAD79B5BBADBABE5BC63A29
:109A9000C65BC65AC67BCE9CAD59B599C65CC67B23
:109AA000CE9BCE7BCE9BCE9BC65AC63BBE3BBE3B1F
:109AB000BE5BC69CC69CCE9CC69CC69CC6BCC6BD96
:109AC000C6BCBE9CBE9CC6DDC6DDC6DDC6FDCF1EC7
:109AD000D75F9D77DF3EE73EE75EE7BFD75FCF1EEC
:109AE000D71DF7BEFFFFFFFFFFFFFFFFFFFFFFFFD9
:109AF000F7DFB639DFFFDFDFD7BFD7DEFFFFF7FFC6
:109B00008D7A959995799579959995799599959A6B
:109B100095999599959995999599959A959A959AD2
:109B2000959A959A959A959A959A959A959A95BA9D
:109B300095BA95BA95BA95BA95BA95BA95BA95BAAD
:109B400095BA95BA95BA95BA95BA95BA95BA95BB9C
:109B500095BB95DB95DB95FB95FB95FB95FB74948D
:109B6000749474B474B574D574D574D57CF57CF5DF
:109B70007D167D167D367D378557855785578577C8
:109B800085788598859885B885B98DB98DB985987A
:109B900085998578857885788558857885588578FC
:109BA0008558C7DFBFFFBFFFC7FF95B89578A5B938
:109BB000A5DAA5DAA5BA84D7AE1BAE1AB63BB63B7A
:109BC000B61BB61B6BB38C759CF78CB7B63BBE5AF5
:109BD000C67BC65AC67BC67B8454CE5BC61BCE5C96
:109BE000C65BCE9BD69BD6BBD6BCC63AC63BC63B55
:109BF000B5FB8475C67DC67CC69CC6BCC6BCCEBD46
:109C0000CEBDCEDDCEDDCEDDCEDDDF1ED6FECE9DE1
:109C1000D73FD71DFFFFFFFFFFFFEF7EE79ECF1E61
:109C2000CF1ED71DFFFFFFFFFFFFFFFFFFFFFFFF5F
:109C3000FFFFFFDF9535D79FDFBFD7BEF7FFFFFFE1
:109C40008D7895798D798D7995999599957995797D
:109C500095799599959995999599959A959A959AB1
:109C6000959A959A959A959A959A959A959A959A7C
:109C7000959A959A959A959A95BA95BA95BA95BAEC
:109C800095BA95BA95BA95BA95BA95BA95BA95BA5C
:109C900095DB95DB95DB95DB95FB95FB95FB74944C
:109CA000749474B474B474D574D574F57CF57CF57F
:109CB0007D167D367D367D377D578557857785576F
:109CC0008578859885B88DB985B985B98599857860
:109CD000857885788558855885588558855885783C
:109CE0008598CFFFBFFFB79EC7FF8D779D79A5B938
:109CF000A5DAADFA8CD77C55AE1AB61AB63BA5B923
:109D0000B63BADDA9D18A5588C74B5BAADDBBE3B39
:109D1000C65BC67BC67BCE7BCE7BA558CE7BC5FA09
:109D200094B5CE7BCEBBD69BD6BBD6BBCE7BC65B1B
:109D3000C65CCEBD8475CEBEC69D9D588CB694F7CC
:109D400094F68CB694F6D6FECEBDD6FED71ED71EA0
:109D5000DF5EE79EF7BEFFFFFFFFFFFFFFFFE79E0F
:109D6000C6BCD75FDF5EFFFFFFFFFFFFFFFFFFFF08
:109D7000FFFFFFFFFFFFFFFFDFDFDFDFE79EFFFFEC
:109D80008D378D798D798D798D798D799599959995
:109D9000959995999599959995999579959A959A71
:109DA000959A959A959A959A959A959A959A959A3B
:109DB000959A959A959A959A959A959A959A959A2B
:109DC00095BA95BA95BA95BA95BA95BA95BA95BA1B
:109DD00095BB95DB95DB95DB95DB95FB95FB74944B
:109DE000749474B474B574B574D574F57CF57CF55D
:109DF0007D167D367D367D377D378557855785576E
:109E000085788578859885988598859885988578CA
:109E1000855885588558855885588558855885783A
:109E20008DB8C7FFBFFF8619C7FF8D779D79A5DA6B
:109E3000A5DAA5DA84B7B65CAE1AB61BB63BADDAC6
:109E4000B61BADBAB59AC63BC65BCE7CC63CBE1B44
:109E5000BE5BC65BCE7BC67BCE5AC65BCE7BD69B3B
:109E6000D69BD69CCE9CD69BD6BBD6BBD6DCD6BCCE
:109E7000CE7BCE9CCE9CCE9D8CD6C67CC67CC69C12
:109E8000C69CCE9DCEBDCEBDCEDDD71EDF3EDF3E15
:109E9000E79FEF9EEF9EFFFFFFFFFFFFFFFFFFFF2C
:109EA000EFDFDF7ED75FD75EF7DFFFFFFFFFFFFF4C
:109EB000FFFFFFFFFFFFFFFFFFFFD79EDFBFFFFF9B
:109EC000CF1E95798D798D798D798D798D798D7973
:109ED000957995999599959995799579959A959A70
:109EE000959A959A9599959995999599959A959AFE
:109EF000959A959A959A959A959A959A959A959AEA
:109F0000959A959A959A959A959A95BA95BA95BA79
:109F100095BA95DA95DB95DB95DB95FB95FB74940B
:109F200074B474B474B474D574D574D57CF57D16DA
:109F30007D167D367D367D367D378557855785780C
:109F400085788578859885988598857885788578C9
:109F500085588558855885588558855885587D5722
:109F6000CFFFBFFEC7FFAEFEC7FF8DB89D99A5BA54
:109F7000A5DAA5DA9D79ADFAAE1AB63BB61BB5FBEC
:109F8000BE3BB5FBB5BAC65BC65BCE7BCE7B9495BC
:109F9000BE1BC67BC65ACE9BCE7BCE9BB5D9D69C6C
:109FA000D6BBD6BBD6BCA557CE7BD6DCD6BBD6DCC3
:109FB000D6DCCE9BCE9BCE9CCE9CCEBCEF9FD6DD7E
:109FC000C67BCEBDC6BCD6FDD6FDD71EDF3EDF5E4E
:109FD000FFFFEF7EEF9EEFBEFFFFFFFFFFFFFFFFE4
:109FE000FFFFFFFFE7BFB63BCF1FD73DFFFFFFFFE0
:109FF000FFFFFFFFFFFFFFFFFFFFFFFFDFDFE79E2A
:10A00000B6198D798D798D798D798D798D798D7957
:10A0100095999599959995999599959995999579F0
:10A020009579957995799579957995999599959A5F
:10A0300095999599959995999599959A959A959AAD
:10A04000959A959A959A959A95BA95BA95BA95BA18
:10A0500095BA95DA95DB95DB95DB95DB95FB7494EA
:10A0600074B474B474B474D574D574F57CF57D1679
:10A070007D167D367D367D367D37855785578577CC
:10A08000857885788578857885778557855785376C
:10A0900085378537855885588557855885577D97E5
:10A0A000BFFFC7FF8DBBBF7FC7FF9DFA9D79A5DAB4
:10A0B000A5DAADFA9518ADFAAE1BB61BADDAB5DA76
:10A0C000ADDAB5DCBDBAC65BC65BCE5ACE5BCE7B25
:10A0D0008414C61BC65BC65ACE7BCE9BCE9B9CF619
:10A0E000C63AD6BBD6BBDEBBDEDCA537D6BDDEDCD2
:10A0F000D6BCD6DCD6DDCE9CCEBCCEBCD6BCD6BCC7
:10A10000CE9BF79EC69BCEBCD6FDE75EE75EDF5ECC
:10A11000E75FE77EEF7EF79EFFFFFFFFFFFFFFFF9A
:10A12000FFFFFFFFFFFFEF9F8D169DDAC6FDFFFFCC
:10A13000FFFFFFFFFFFFFFFFFFFFFFFFFFFFEFBF7F
:10A14000F7FF8D598D598D598D798D798D598D796F
:10A150008D798D798D798D798D798D7995998D79A7
:10A160008D798D798D798D7995799579957995997F
:10A170009599959995999599959995999599959A6E
:10A18000959A959A959A959A959A959A959A959A57
:10A1900095BA95DA95DA95DB95DB95DB95DB7494CA
:10A1A000749474B474B474D574D574F57CF57D1658
:10A1B0007D167D367D367D367D378557855785778B
:10A1C0008577857885788557855785577D377D379D
:10A1D0007D377D3785378557855785588557CFFF1C
:10A1E000C7FF85998D39BF9FC79FA63B9D79A5DA8B
:10A1F000A5D9ADFACEFFAE1AAE1AB61BADDAB61BB4
:10A20000ADDA8435C63BC65ACE3ABDF8C63ACE5B07
:10A21000C63A8C95BDFBCE5BC61ACE9BD6BBCE9BF9
:10A2200094B5D67BD6BBDEBCDEDCDEDCDF1DC63AF9
:10A23000D6BCD6BCD6BCD6DCD6DCD6DCD6DCD6DCEE
:10A24000D6DCD6DDD6FDDF1CFFFF9CF4EF7EEF7E73
:10A25000EF9FEF9FE79FEFBFE79FFFFFE73CFFFF09
:10A26000FFFFFFFFFFFFFFFFEF9E84F6A63D95DA9D
:10A27000D73EFFFFFFDFFFFFFFFFFFFFFFFFFFFFF7
:10A28000EFBE8D588D598D598D598D798D798D7978
:10A290008D798D798D798D798D798D798D798D798E
:10A2A0008D798D798D798D7995999599957995791E
:10A2B0009599959995999599959995999599959A2D
:10A2C000959A959A959A8D9A959A959A959A959A1E
:10A2D00095BA95BA95DA95DA95DB95DB95DB7494AA
:10A2E0007494749474B474D574D57CF57CF57CF551
:10A2F0007D167D167D367D367D378557855785578A
:10A300008557855785577D377D377D377D377D3735
:10A310007D377D377D377D3785378558B77ECFFFD1
:10A320008D9A8D5A8D5AC7FF8DB8C6FE9D79A5DAD4
:10A33000A5DA9DB9ADFBAE1AAE1AADDAADDAB5FA53
:10A34000B5FB8C96C63BD67B734F6B0DC5B8C5B9B4
:10A35000D63B8C33A538CE7DCE7CC63AD69BD69BD9
:10A36000DEBCB578D6BBDEDBDEDBDEFCDEFCDEFC95
:10A37000DF1C8C529494B57AC67CDF1ED6FDD6DDE8
:10A38000D6DDD6DDD6FDDEFDDF1DDF1DDF1DE73DA1
:10A39000DEFCEF9EE75EC67BD6BBFFFFFFFFFFFF45
:10A3A000F7BEFFFFFFFFFFFFEF7DEFBE9DDAAEBE02
:10A3B000AEDE9E1BF7FFFFFEFFFFFFFFFFFFFFFF6D
:10A3C000F7BF8D388D588D588D598D598D598D59B0
:10A3D0008D598D598D598D798D798D798D798D79AD
:10A3E0008D798D798D798D798D798D798D79957935
:10A3F000957995799579957995799599959995998D
:10A400008D998D998D9A8D9A959A959A959A959AF6
:10A4100095BA95BA95DA95DA95DA95DB95DB749469
:10A420007494749474B474D574D574F57CF57CF517
:10A430007D167D167D367D367D3685578557855749
:10A440008557855785577D377D377D377D377D37F4
:10A450007D377D377D377D377D58B77EB73E855A4E
:10A460008D7B8D5A8D59BF9F8D58D75F9D78A5B92B
:10A47000A5DA63F2AE1AAE1AAE1BADBAB61BADDAF0
:10A48000B5DB5AAECE3BC63AC65A630D41E8D67B21
:10A49000CE7AD67BCE5AD67CBDFBC61BC65BD69C7D
:10A4A000D6BBDEBCAD77D6BCDEDBDEFCDEFCDEFC84
:10A4B000E71CCE59CE3C8C3994DB955CCF5F955927
:10A4C000BE3DD6DFDF1FDEFDDF1EDEFDBE1AB5DAC4
:10A4D000E75FF79EFFFFE77EFFFFFFFFFFFFFFFF46
:10A4E000F7DEFFFFFFFFFFFFFFFFFFFFE7BFA63C19
:10A4F000AEFFA6FEA69D8D78F7DFFFFEFFFFFFFFF4
:10A50000FFFFADD88D388D388D588D588D588D59A9
:10A510008D598D598D598D598D598D798D798D79AB
:10A520008D798D798D798D798D798D798D798D79FB
:10A530008D798D798D798D798D798D7995799579DB
:10A540008D998D998D9A8D9A8D9A959A959A959ABD
:10A5500095BA95BA95BA95BA95DA95DA95DA74946A
:10A56000749474B474B474D574D574D57CF57CF5D6
:10A570007D167D167D167D367D377D377D57855757
:10A580007D577D377D377D377D177D377D377D372B
:10A590007D377D377D376CF5D7FF8DDB8D5B8D7B10
:10A5A0008D5A8D3A8579CFDF9578D79F9D79A5B95A
:10A5B000ADFA9D98ADFAADFAA5B9ADBAADDAADDA9E
:10A5C000AD9B4A4C83F3422B83F06B0D7B708C1256
:10A5D0007B8F8C11DEDCDEDCD6BCCE7DC63BC65B61
:10A5E000CE5BD6BCDEDCDEFDE71DDEFCDEFCDEFC89
:10A5F000E71CE71CD65B9CBBA5BF957DBF3FB6BFE4
:10A60000955C957DD67FEF3EDEBBF75EE73EEF3F84
:10A61000E75FF7BFFFFFDF5EFFFFFFFFFFFFFFFF0B
:10A62000FFFFFFFFFFFFFFFFFFFFFFFFFFFFDF9FBA
:10A63000B71FAEFEAEFEA6DEAEBEEFBFFFFFFFFF52
:10A64000FFFFFFFF8D378D588D388D588D588D59F0
:10A650008D588D588D598D598D598D598D598D59CC
:10A660008D798D798D798D798D798D798D798D79BA
:10A670008D798D798D798D798D798D798D799579A2
:10A680008D998D998D998D998D9A8D9A959A95BA66
:10A6900095BA95BA95BA95BA95BA95BA95BA749489
:10A6A000749474B474B474D474D574F57CF57CF576
:10A6B0007CF67D167D167D367D367D377D377D3780
:10A6C0007D377D377D377D177D177D177D377D374A
:10A6D0007D17B6BE7D39855B8D3B8D3A8D3B8D3ABE
:10A6E0008D3A8D197D17AEFD9558D79F9D99A5D9A7
:10A6F0007C93A5D9ADFAA5BAA5BAADDBADDAB61B88
:10A700006B92C63A62CD73906B0E5ACD528C528DBD
:10A7100062AD83D18BF19C53CE3AD69B9494C63BC9
:10A72000CE5BCE5BD69CD6BBDEFCD6BBDEFCDEFCB5
:10A73000E71CE71CEF5ECE3E953DBEBFBEDEB69E7B
:10A74000B67FA59DCE1CDEBBE6FCEF5DE75DEF3E70
:10A75000EF5EEF9EFFFFD6DEE73CFFFFFFFFFFFF50
:10A76000FFFFFFFFFFFFFFFFFFFFFFFFFFFFEFBF49
:10A770009DFAAEFEAEFEA6DEA6DE9E9E8515FFFF0E
:10A78000FFFFFFFFA5978D388D388D388D388D5898
:10A790008D588D588D588D598D588D588D598D598E
:10A7A0008D598D598D598D598D798D798D798D79F9
:10A7B0008D798D798D798D798D798D798D798D7969
:10A7C0008D798D998D798D998D999599959A959A7F
:10A7D000959A95BA95BA95BA95BA95DA95DA749329
:10A7E000749474B474B474D474D574D574D57CF57D
:10A7F0007CF67D167D167D367D367D367D367D3642
:10A800007D367D377D177D177D177D177D177D1769
:10A810007D177D1774B78D19851A8D3A8D3B8D3A4A
:10A820008D395BB3B71E8D789558CF1F9DB99D7834
:10A830009DB8A5DAA5B9A59AA59AA5BAADDBADDBF9
:10A84000739162EC5AAB528C5AD15AF3631463354C
:10A850006B967BF77C17DEBEB556DE9BDEBCD69BC7
:10A86000CE5BCE7CD67BD67BD69CDEFCCE59E71D5C
:10A87000E71DE71CE73DF77FD69FAE1DB63CD6FF30
:10A88000BE5ED69EBD97E6FCE73DE73DEF5EEF3E40
:10A89000EF5EEF7DFFFFBE3BE71CFFFFFFFFFFFF0B
:10A8A000FFFFFFFFFFFFFFFFFFFFFFFFFFFFFFFFB8
:10A8B000DF9FB71FAEFEAF1EA6DEA6BE9E5C5B2C62
:10A8C000FFFFFFFFFFFF853885388D388D388D38C5
:10A8D0008D388D388D588D588D588D588D598D588F
:10A8E0008D598D598D598D598D598D598D598D5938
:10A8F0008D598D798D798D798D798D798D798D7948
:10A900008D798D798D998D998D9995998D99959947
:10A910008D9A8D9A95BA95BA95BA95BA95DA749436
:10A920007494749474B474D574D574D574D574F562
:10A930007CF67D167D167D367D367D367D167D3620
:10A940007D167D167D377D377D177D177D177D1729
:10A950007D177D177D3785377D177D177D177D170F
:10A960007D377D37C79F95189537BE7D9D99E7BF89
:10A97000A5B9A5B9A579A599A59AADDA52F0BE1CDD
:10A9800062EE5AABA557A51852725B3473D7635564
:10A990009D1BADFCB5FC6331D6BBD6BCDEBBDEBCBB
:10A9A000D6BCA516D67CD67BD67CCE5BDEFDD6BBD0
:10A9B000DEBBE73DE6FCE73DDEBDDEDFDEBDF77E6C
:10A9C000DEDDEF1DE71CE73EE73EE73DEF5ECE3AFA
:10A9D000E75EEF7EFFFFC6BDE71CFFFFFFFFFFFF47
:10A9E000FFFFFFFFDF5ED71ED73DFFFFFFFFFFFF2B
:10A9F000F7FFBF3FAEFEC7DFA6DEA6BEAEDDFFFFA0
:10AA0000FFFFFFFFFFFF85178538853785388538BD
:10AA10008D3885388D388D388D388D588D588D58B6
:10AA20008D588D598D588D598D598D598D598D59F8
:10AA30008D598D598D798D598D798D798D798D7946
:10AA40008D798D798D998D998D998D998D998D9916
:10AA50008D9A8D9A8D9995BA95BA95BA95BA74933F
:10AA6000749374B474B474B474D574D574D574F523
:10AA70007CF57D167D167D167D167D167D167D1660
:10AA80007D167D3685577D577D377D177D167D1662
:10AA90007D167D177D177D377D377D177D177D17D7
:10AAA0007D177D17853795389D79ADFA534E9DD822
:10AAB000A5999D79A57AA59AA59AADDBADDBBE3D9A
:10AAC000630EA516A539A5595271A59CA5BB73D6D1
:10AAD0008478ADFBB65CB5DBD69BD69BDEBBDEBB1C
:10AAE000DEBBDEDCDEDC9CD5CE7CD69BD69BD6BC2A
:10AAF000D6BCFFFFDEFCDEFDE73DE71CE71CE71CE4
:10AB0000E71DE73DE73DE73DE73DE73DEF5ECE3A38
:10AB1000EF9FE77DFFFFC6BDF7FFFFFFFFFFFFFFD2
:10AB2000FFFFFFFFDF3DCEDECF1ED73EE77EFFFFFC
:10AB3000FFFFBEDDAF1EC7BEAEDEA6BEAE9DFFFFF1
:10AB4000E7DFFFFFFFFF8D388538851885388538AA
:10AB50008538853885388D388D388D388D588D38C5
:10AB60008D388D588D588D588D588D588D588D59DC
:10AB70008D598D598D598D598D798D798D798D7925
:10AB80008D798D798D798D998D998D998D998D99F5
:10AB90008D998D998D9995BA95B995BA95BA749301
:10ABA0006C9374B474B474B474D474D574D574D50B
:10ABB0007CF57CF57D167D167D167CF67CF67CF6A4
:10ABC0007D167D36AEFE7D987D377D177D167D1610
:10ABD0007D167D177D177D177D177D177D167D16D8
:10ABE0007CF695999538953795589DD974939D79AC
:10ABF0009D799D799D99A59A9539ADDBADDB73F56E
:10AC0000C65B83F1A557BE5C84379D7AA5BB84776C
:10AC1000A5BCBE7DB63BB5BADE9CDE9BDE9BDEBB33
:10AC2000DEDBDEDBDEDCDEDCDEDCD6BCD6BDD69CED
:10AC3000D6BCD6BCD6BCF7BFAD76E6FCE71CE73D7C
:10AC4000E71DE71DE71DE71DE73DE73DE73DC5F9CA
:10AC5000E77EEF7EF79ECE9DC65AFFFFFFFFFFFF08
:10AC6000FFFFFFFFE75ECF1EB69DBF1FDFBFDF7E8A
:10AC7000FFFF9577BF5EC79EAEFEAEDEAE9CF7FFD0
:10AC8000E7FFEFDFFFFF8D3785188538853885189A
:10AC900085388538853885388D388D388D388D38AC
:10ACA0008D388D388D588D588D588D588D588D58BC
:10ACB0008D588D588D588D598D598D788D788D7909
:10ACC0008D798D798D798D798D998D998D998D99D4
:10ACD0008D998D998DB98DB995BA95B995BA7493A9
:10ACE000749374B374D474B474D474D474D574D5A4
:10ACF00074F57CF57CF67CF67CF57CF674D674D520
:10AD00007CF67D167D577D377D167D167D167D166A
:10AD10007D167D167D167D167D1674D57CF67CF627
:10AD20007CF684D68CF795589D78C6FD9DB99D59C3
:10AD30009D599D79A59AA5BAA59BB5FCBE3D6372A8
:10AD4000C65BAD57B577C65BD6BE9D7AA5BAB65C75
:10AD5000AE1BBE7CBE7CB599D69BD69BDE9BDEBB74
:10AD6000DEBBDEDBDEDCDEDBDEDBDEFCE6FCDEFCCF
:10AD7000E73EAD78D69CDEFDD6BCD6DCFFFFB597AE
:10AD8000E71EE71DE73EE73EE71DE73DEF1DE6FD59
:10AD9000DF3EDF1DB576DF3FDF3EDF3DF7DFE79FBC
:10ADA000E73DFFFFE77EDF9FA5FAB6FFB6DEE7FFD0
:10ADB000FFFF9D97BF7EBF7EAEFEAEDEADF9F7FF13
:10ADC000DFFF8CF3FFFF8517851885178518851819
:10ADD00085178518853885388538853885388538CC
:10ADE0008D388D388D388D388D588D588D588D58BB
:10ADF0008D588D588D588D588D588D598D598D7809
:10AE00008D798D798D798D798D798D798D998D99D2
:10AE10008D998D998D998D998DB995B995BA7473D0
:10AE2000749374B374B47D1574D474B474D574F518
:10AE300074F574F574F574D574D574D574D574D56A
:10AE40007CF67CF67D167D167CF67D167D167D16CD
:10AE50007D167D167D167D167CF67D167D177CF69B
:10AE6000851784B695178D36BEDC9558953895585C
:10AE70009D599D7A9D79A5BBADFBB63C6C155B11C8
:10AE8000AD98CE9CBDB8CE5BBE1A52AEBE3DB61BD1
:10AE9000CEBDA537A537D65BD69BD69BD69BDEBB52
:10AEA000DEBBDEDBDEBBDEDBDEDBDEDCDEFCDEFCD7
:10AEB000DEFCE6FCE6FCDEDCDEFDE73EE73ECE7BCC
:10AEC000BDF9CE5AD69BE73EE73EE73DEF3EE73E73
:10AED000DEFEDF1DCE5ADF1EE73EDF3EF7DFDF5E20
:10AEE000DF3DCE9AE77EDF7FF7FFB6DFBF1F9E1AFA
:10AEF000FFFFC6FCBF7FB73EB73FAEDEF7FFC71C04
:10AF0000DFFEEFFFF7FF8517851785178517851774
:10AF100085178518851885188518853885388538EA
:10AF20008538853885388D388D388D388D388D3811
:10AF30008D388D388D588D588D588D588D588D5928
:10AF40008D598D788D798D798D798D798D998D99B2
:10AF50008D998D998D998DB98DBA8DB995DA747356
:10AF6000749374B374B474B474B474B474D574D581
:10AF700074D574D574D574D574D574B574B574D5C9
:10AF800074D574D67CF67CF67CF67CF67CF67D1661
:10AF90007D167D167CF67CF67CF6961AB75E7D17DC
:10AFA00095187C5442CD95578CF78D189538955946
:10AFB0009D7A95399D7AA5DBAE1CC69FA5BD7C14F4
:10AFC000BDB8C63AC67BCE3BBD989474CE5CAD3856
:10AFD000C5FAD67CD69BD69BD69BD69BD69BDEBB92
:10AFE000DEBBDEDBD65AD65BDEDCDEDCDEFCDEFC86
:10AFF000DEFCDEFCE6FCE6FCE6FCE6FCE71CE71C0F
:10B00000E71DE71DE71DE71DE71DDF1DC5F9AD982D
:10B01000DEFDDF1CBDF9DF5EDF3EDEFCDF1DDF3E57
:10B02000FFFFDF1DDF3DDF7FFFFFB6DEB6FFBF1E88
:10B03000FFFFC79FBF7FBF7FB73EBEDCF7FFD7BF15
:10B04000E7FFF7FFCF3E84F784F78517851785174D
:10B0500085178517851785178517851885388538CD
:10B0600085388538853885388D388D388D388D38D8
:10B070008D388D388D588D388D388D388D588D5848
:10B080008D588D798D798D798D798D798D798D9991
:10B090008D998D998D998D998DB98DB995DA747336
:10B0A00074937493749474B474B474B474B474D4A2
:10B0B00074D474D474D574B474B474B474B574D5CD
:10B0C00074D574D574D574D574D57CF674F674D5EE
:10B0D0007CF67CF67CF67CF67CF64BB1AF9FA6FD49
:10B0E00053B1D79F84F6953794F78D1895389559B5
:10B0F0009519955AA5BBADDBB65D9D3B95BDBDDBF6
:10B10000AD37B5B8C67BC63BCE5ACE5BD67BCE7BC1
:10B11000CE7BD67BD67BD69BD69BD69BD69BDE9B07
:10B12000DEBBDEBBD65BD65BDEDBDEDCDEFCDEFC64
:10B13000DEFCDEFCDEFCDEFCE6FCE6FCE6FCE71CFE
:10B14000E71CE71DE71DDF1DE71DDF1DBDB9DF1E85
:10B15000DEFDDEFDDEDDD71DD71EFFFFD71DDF3D87
:10B16000DF1DFFFFD75EDF7FFFFFBEDFB6FFA61943
:10B17000CF5EBF7FBF9FC79FB71DF7DFDFFFDFFF3A
:10B18000E7FFC69A7CB484F784F78517851785177F
:10B1900085178517851785178517851785178538AE
:10B1A0008538853885388538853885388D388D38A7
:10B1B0008D588D588D588D588D588D388D388D58A7
:10B1C0008D588D588D588D788D798D798D798D79B3
:10B1D0008D998D998D998D998DB98DB995DA6C73FD
:10B1E000747374937494749474B474B474B474B5C0
:10B1F00074B574B474B474B474B474B474B474B50D
:10B2000074B574B574B574D574D574D574D57CF62D
:10B2100063D27CD674F674D574D57CD684D66C751E
:10B2200084F68CD784B78CB78CF7953995198CD860
:10B230008CF8A5DBA5DBAE3CBE7EADDE9DDDC61C7D
:10B240009C94BDB8C65BC63BC63ACE3ACE5BCE5BDD
:10B25000CE7ACE7BD67BD69BD69BD69BD69BD69BD7
:10B26000DE9BDEBBD63AD65BDEDCDEDBDEFCDEFC64
:10B27000DEFCDEFCDEFCDEFCDEFCDEFCE6FCE6FCEE
:10B28000E6FCE6FCE71DDF1DDF1DE6FDB598CE9C64
:10B29000DF1DDEFCDEFDD71DDF1DC618DEFEFFFF55
:10B2A000D6FCEF9EDF9FDF5EFFFFBEDEB6DEB67A26
:10B2B000BF5FC79FBF9FB71DF7FFE7FFDFDFE7FF58
:10B2C000EFFFD71C73F184F784F784F784F78517B1
:10B2D000851785178517851785178517851785178E
:10B2E00085178518853885388538853885388D38AF
:10B2F0008538853885388D588D588D588D588D589E
:10B300008D588D588D588D788D798D798D798D7971
:10B310008D798D998D998D998DB98DB98DDA6C5303
:10B320006C7374937493749374B474B474B474B489
:10B3300074B47494749474947494749474B474B46D
:10B3400074B474B574B574D574D574D574D57CF6ED
:10B350007CB6B69E749574D574D574D584D68CD7C6
:10B360004ACF741473F44AAF951963B395399D9B12
:10B370009D9A9DBAAE1CAE1CB5BDA5DEA61ECE5DC7
:10B38000C5DAAD17BDB9C65BC63AC63ACE5BCE5A72
:10B39000CE7BD67BD67BD69BD69BD69BD69BDE9B85
:10B3A000DE9BDE9BDEBBDEBBDEDCDEDBDEDBDEDC93
:10B3B000DEDBDEFCDEFCDEFCDEFCDEFCDEFCDEFCDE
:10B3C000DEFCDEFDDF1DDEFDDF1DE73ED6BDD6BDAA
:10B3D000D6DDDEFCCE9BCEDDDF1DD6FDDF1DC63902
:10B3E000F7FFCEDCDF9FD75EFFFFBF1F5C13B73FC9
:10B3F000B71FB71FBF3ECF3DD79FD7FFD7FFDFFF98
:10B40000F7FFFFFF6BD084F784F784F784F7851785
:10B4100084F785178517851785178517851785176D
:10B420008517853885388538853885388517853876
:10B4300085388538853885388D588D588D588D5884
:10B440008D5885588D588D588D798D798D798D7958
:10B450008D798D998D998DB98DB995B98DDA6C539A
:10B460006C736C73749374937493749374947494F2
:10B4700074946C9374937493749474947494749497
:10B48000749474B474B574B574B574D574D574D536
:10B4900074B584B67C96A65CC75FA61B745484D62C
:10B4A0008CF77C3584B78CF89538955A95799D9AA8
:10B4B0009DBAA5FBAE3C430EDF5FA5FE9DDDBD9AA8
:10B4C000C5DA83B2B557C61AC65AC63ACE5ACE5B4B
:10B4D000CE7BCE7BD67BD69BD69BD69BD69BD6BB34
:10B4E000DE9BDEBBDEBBDEBBDEDCDEDCDEDBDEDB32
:10B4F000DEDBDEDCDEDCDEDCDEDCDEDCDEFCDEFC3D
:10B50000DEFCDEFDDEFCE73D73D1D6DDCEBCD6DD54
:10B51000D6FDE75ED6FDD6FDEF9EDF3ECE9AEF7EEE
:10B52000FFFFBEBED73ED73DF7DFBEDDA67EAEDF56
:10B53000AEDEBF1E7CF57CF7DFDFDFFFD7FFDFFF6E
:10B54000FFFFFFFF6BB07CD784F784F784F784F7A5
:10B5500084F784F78517851785178517851785174D
:10B5600085178517851785178517851785178518FA
:10B5700085388538853885388538853885388D58BB
:10B580008D588D588D588D588D588D588D788D7952
:10B590008D798D998D9995B995B995DA95D96C7301
:10B5A0006C736C736C7374936C936C936C936C93FB
:10B5B0006C936C936C937493749474947494749467
:10B5C00074B474B474B574B574B574B574B574D515
:10B5D00074B57CB57CB67CB77C7663B284D684D6F1
:10B5E00084B7ADFC8CF88D19ADFC9D9B9DDB9DBA9D
:10B5F000A5DBA5FBA5FBCF9E7C9495DEA5FEC61C16
:10B60000C5DAAD178C33B598C65AC63ACE5ACE5B5A
:10B61000CE7BD67BD67BD69BD69BD69BD69BD69B0A
:10B62000D6BBD6BBDEBBDEBCDEBBDEDCDEDBDEDB00
:10B63000DEDCDEDBDEDBDEDBDEDCDEDCDEDCDEFC1D
:10B64000DEFCDEFDDEFDE73EE73EE75FDEFED6DD4B
:10B65000D6FDDF1ED71ED6FDFFFFCEFDFFFFDEFCB1
:10B66000ADF8B69EDF7FDF3DB63984F57CB77CB69A
:10B670007CD67CD67CD67CD6BEDDD7FFD7FFD7DE86
:10B68000FFFFFFFF6BF084F784F684F784F784F7FD
:10B6900084F784F784F784F785178517851785174E
:10B6A00085178517851785178517851885178517B9
:10B6B00085388537853885388538853885388538A3
:10B6C00085388D588D588D588D588D588D788D783A
:10B6D0008D798D998D9995B995D995FA8DD96C52A9
:10B6E0006C736C736C73747374737473747374733A
:10B6F0006C736C736C7374736C93749374937494B1
:10B700007494749474B474B474B474B474B474B439
:10B7100074B474B474945BB17C75C6FF84B684B69B
:10B72000A5DB9D9B955A63B4957A95BA957A9DDB76
:10B73000A5FC9D9B4B30CFFF42CE9DDE95DEBDDA52
:10B74000C5DACE3BB55883F2C63ACE3ACE5BCE5B75
:10B75000CE7BD67BD67BD69BD69BD69BD69BD69BC9
:10B76000DE9BD6BBD6BBD69BDEDCCE19EF3DE6DC3E
:10B77000E6FCBD77DEDBDEDBDEDBDEDBDEDBDEFC3C
:10B78000DEDCDEDDDEDDD6DD8C94D6FDD6FDD6FD3D
:10B79000D6FDD71ED71EDF3DD71DD6FEF7FFD6BB81
:10B7A000C6DDB69ED75FFFFFCEFC84D67CD67CD6A6
:10B7B0007CD67CD67CD67CD66413D7FFD7FFDFDF60
:10B7C000FFFFFFFF847284F77CF67CF684F784F732
:10B7D0007CF77CF784F784F784F784F784F7851780
:10B7E0008517851785178517851785178517851878
:10B7F0008517853885388538853885388538853882
:10B80000853885388D58855885588D5885788D7838
:10B810008D798D998DB995DAA67B95F995D96C526C
:10B820006C736C736C736C736C736C736C736C5241
:10B830006C736C536C536C736C736C736C73749427
:10B84000749474B4749474B474B474947494749458
:10B8500074B474B4749474946C545BF38CF75B722A
:10B860009DFD84F89D9B957B3AB095BA959A9DDB9A
:10B870009DFB8D3A3AAECFFF5BD395DD95BEEFDFF2
:10B880009CD4BDB9C5DAC5DACE1BC61ACE3ACE5B9A
:10B89000CE7BD67BD67BD69BD69BD69BD69BD69B88
:10B8A000D69BD69BBD97BD15B4D4B473BC73BC7383
:10B8B000BC938BD0DEDCDEDBDEDBDEDBDEDBDEDC86
:10B8C000CE9BD6BCDEFDE73ED6DDD6FDD6FDD6FD51
:10B8D000D6FDD6FDCEDDE75ED71DFFFFCE9AF7FF82
:10B8E000BEDEB6BED75F4AECE7DF7C957CD57CB682
:10B8F0007CD674947CD67CF67CB5CFBFD7FFE7FFAF
:10B90000FFFFFFFFB5D87CD67CD67CF67CD77CD7F2
:10B910007CF67CF67CF684F784F784F784F7851749
:10B920008517851785178517851785178518851736
:10B9300085178517851785178538853785388538A4
:10B94000853885388538855885588D5885788D781F
:10B950008D798D998DB995D995F995DA95DA6C32FD
:10B960006C526C736C736C736C736C736C736C7300
:10B970006C526C536C536C536C73747374736C7340
:10B980007494749474947494749474947494749477
:10B9900074947494749474946C5485178497959BE0
:10B9A0009DFD8CF88D3A957B4B129DDB9DDB9DFCBC
:10B9B0008D5984FA7CD7CFFF63F3AE5F8D7DE7BFEF
:10B9C000F7FFEF9ECE1AC5FBB599C61AC65AC65ADE
:10B9D000CE5BCE7BD67BD67BD69BD69BD69BD69B8F
:10B9E000D69B9C53AC53B453AC32CD36D536CD56E2
:10B9F000D597DE9BDEDBDEDBDEDCDEDBE71D7BD12D
:10BA0000DEFDDEFDDEFDD6BDD6DDD6DDD6FDD6FD06
:10BA1000D6DDD6FDD6FDD6FDFFFFFFFFF7DFB69CD6
:10BA2000B6BEB69EDF5EBEBDF7FF7CB67CB574B613
:10BA30007CD67C527CD57CD67CD6B69CCFFFDF9E54
:10BA4000FFFFFFFFBE597CD67CD67CD67CD67CD649
:10BA50007CF67CF67CF67CF67CF77CF784F784F742
:10BA60008517851785378537853785378517851776
:10BA700085188517851785178518851785388538A2
:10BA80008538853885388558855885588D788D79DD
:10BA90008D798D998D998DB98DB98DB98DB96C329E
:10BAA0006C526C526C526C536C536C526C526C32C4
:10BAB0006C526C536C526C536C536C7374736C7328
:10BAC0007494749474947494749474947494749436
:10BAD00074947494749474948D587C7584D88D5B2C
:10BAE00095BC955A851A8D5C6C159DDB9DFB9DDB85
:10BAF0004B138D3C8D3BCFDF3ACEAE9F95BDAE1C38
:10BB0000F7FFEFFFF7FF6BAF8C329C73CE5BCE3A43
:10BB1000CE5BCE7BCE7BD67AD67BD67BD69BD69B96
:10BB2000D69BDE9BAC93CD36CD36CD36CD56D5B833
:10BB3000E6DBDEBBDEDBDEDBDEDCDEBB8C73D6DC35
:10BB4000AD97D6BCD6DCD6BCD6BCCE9BDF1D9493BD
:10BB5000BDF8FFFFCE59FFFFFFFFF7DFBEBCB6DE2B
:10BB6000B6BDAE5C9D99B67DFFFF7CB57CB67CB55D
:10BB70007CD6FFFF84D57CD67CD67CD6CFBFEFFFAA
:10BB8000EF7DFFFF6BAF7CD67CD67CD67CD67CD697
:10BB90007CF67CF67CF67CF67CF77CF784F784F701
:10BBA0008517851785378537853785178517851755
:10BBB0008517851785178517851885178538853763
:10BBC00085378538853885388538855885588D7905
:10BBD0008D798D798D998D998D998DB98DD96C329D
:10BBE0006C326C326C526C326C326C326C326C3245
:10BBF0006C326C526C526C526C536C736C736C7311
:10BC00006C736C737494749474946C736C736C73C1
:10BC10006C736C736C747494CF5F7C7684D9851B61
:10BC20008D7C8D3A851B8D3C63D59DDB9DFB955AA4
:10BC300084DA7CFB84FBCF9FAE7BAE7F95DD9DDEFF
:10BC4000EFFFE7FFE7FFDFDEDF9EEFDF9453C63A4B
:10BC5000C65ACE7BCE7BCE7BD67BD67BD69BD69B65
:10BC6000D69BD69BCE7BE6BCE69BEEFDDE9CDEDB68
:10BC7000DEDCDEDCDEDBDEDBDEDBE71EDEFEE71E3F
:10BC8000D69CD6BCD69CC61A738F8C5383F18C334A
:10BC90008C328431FFFFFFFF94F4BEDDB6DDB6BD0C
:10BCA000AE7D9DFBA5FC9DB9FFFF74537455747563
:10BCB000DF7EFFFF7CD57CD67CB67CB6C75EF7FF07
:10BCC000FFFFFFFF5B6E7CD67CD67CD67CD67CD615
:10BCD0007CD67CD67CD67CF67CF67CF67CF784F72A
:10BCE0008517853885588578853785178517851791
:10BCF0008517851785178517851785178517853744
:10BD000085378537853885388538855885588D78C5
:10BD10008D988D988D998D998D998DB98DB96C323D
:10BD20006C326C326C326C326C126C126C126C3283
:10BD30006C326C326C326C326C526C536C736C7350
:10BD40006C736C736C736C736C736C736C736C73FB
:10BD50006C736C746C746C7495BA63D484B984FA23
:10BD6000851B74577CFA853B42D195DB9DDB7CD9E2
:10BD70007CDA7CDA851B84B9CF5EAE3DA5FD959C4F
:10BD8000A5FDDFBFDFFFDFFFE7DFDFBFD77E83F18A
:10BD9000CE3BCE5ACE5ACE7ACE7BD67BD69BD69B86
:10BDA000D69BD69BD69BD6BBDEBBDEBCDEDCDEDC08
:10BDB000DEDCDEDCDEDCDEDCDEDC9CD6E71ED6BCD8
:10BDC000DEFD94758C1483D3841383F384138C1356
:10BDD0008C33FFFFAD55C69BCF3FB6DEB6DDB69DBB
:10BDE000B67E6C34AE3CC71FBEBDC71EC73FBF1E6C
:10BDF000FFFFFFFF7CD67CB57CB574958537E7FFE8
:10BE0000FFFFFFFF5B4E7CD67CD67CD67CD67CD6F3
:10BE10007CD67CD67CD67CD67CF77CF67CF784F707
:10BE200085178538961A9E5B85588517851784F780
:10BE300084F784F784F78517851785178517851785
:10BE400085178537853785388538855885588D78A5
:10BE50008D788D788D988D988D998DB98DB96C125E
:10BE60006C326C1264126C126C126C126C126C12CA
:10BE700064126C326C326C326C536C536C736C7336
:10BE800074736C936C736C736C736C536C736C73B2
:10BE90006C736C736C736C747C967C777C997C99F6
:10BEA000853B957C7CB9853C7458959B959B8D3BD7
:10BEB00084FB7CDA855B84FB84F9A5DBA61C8D9B67
:10BEC0009DFDA5FD9D793A4BBE3ADFBFD79FE7BFE9
:10BED0004A6BD65BCE7BCE7BCE7BCE7BCE7BD67BBE
:10BEE000D67BD69BD69BD69BD6BBD6BCDEDCDEDC17
:10BEF000DEDCDEDCD6DCDEDCDEDCCE7DD6BC7BD17F
:10BF00007BD37BB283F3841384138C348C338C33D4
:10BF10008412FFFFC69BB6DEBEBEB6DDAE9DB65C2C
:10BF2000B61974957496BEBEBEDEBEDEBEFEDFBF21
:10BF3000FFFF7C737CD57CB57CB57CB57495A65A27
:10BF4000F7FFFFFF5B4E7CB67CB67CB67CB57CD63B
:10BF50007CD67CD67CD67CD67CF67CF67CF77CF7CF
:10BF6000851785388578857885588517851784F7EE
:10BF70008517851784F784F784F784F784F7851786
:10BF80008517853785378537853785588D788D783E
:10BF90008D788D7885788D988D998DB98DD96C1126
:10BFA0006C116C116411641164116C116C116C11C1
:10BFB0006C126C1264326C326C526C536C536C5356
:10BFC0006C736C736C736C526C536C536C536C531A
:10BFD0006C536C7374736C737CB67C987CB97CB94D
:10BFE000853B853C8D3A7CDB8D1B957B853A84FBBC
:10BFF0007CDB7CFB8D5C8D7C8D5B8D3A9D9BA5FCF9
:10C00000AE3DAE3DA5FC8CF9B61BD79FE7FFD79F91
:10C01000DF9FDF5F9CD5D67BCE9BC63ACE7BD67B9F
:10C02000CE7BD69BD69BD69BD69BD6BCD6DCDEDC05
:10C03000DEDCDEDCE6FD7BB28C5483F273707BD3F6
:10C040007BD383F383F383F384138C338C548C334B
:10C050008412FFFFB5D9B598AD98B63AB69EFFFFEA
:10C06000FFFF74947474747584F7C6FFC6FFEFFF06
:10C070007C747495749574957CB57CB57CD69DFA6A
:10C08000FFFFFFFF5B6E7CB57CB67CB57CB57CB6F4
:10C090007CD67CD67CD67CD67CD67CF67CF67CF6B0
:10C0A0007CF78517851785178517851784F78517FA
:10C0B00084F784F784F784F784F7851784F7851766
:10C0C0008537851785378537855785578D58855826
:10C0D0008D788D788D7885788D998DB98DDA64110C
:10C0E0006411641163F163F16411641164116C11E2
:10C0F0006C126C1264326C326C326C326C326C5278
:10C100006C526C526C526C526C536C536C536C533B
:10C110006C536C736C736C7374557C777CB9853B12
:10C12000851B8DBD9DDD7CDA851C957C8D3A84DB7D
:10C130007CFB851B857C8D9C8D9C95BC95BC959CC2
:10C140009D9CA5DC9D7B9D7BBE5DBE3DA5BA5B91A4
:10C15000D79FD79FD79FDF5E8C53C5F9D69CCE9BC8
:10C16000CE7BD69BD69BD69BD69BD6BCD6BCD6BC0C
:10C17000DEDCD69B7BF37BB37BD47BB27BD37BD3E0
:10C180007BF383F383F3841384148C348C5494747E
:10C190009494EF5D94B49CD69CD6F7FFB6DFB65B63
:10C1A000FFFF74326C3374747474747574757494A2
:10C1B0007495749474957495749574957495AE7C17
:10C1C000FFFFFFFF5B2E7CB57CB57CB57CB574B5FD
:10C1D0007CB57CB67CD67CD67CD67CD67CF67CF6D0
:10C1E0007CF67CF685178517851785177CF77CF715
:10C1F0007CF77CF77CF784F784F784F784F785175E
:10C2000085378537853785378557855785588558CC
:10C210008D788D78857885788D998DB98DDA6411D2
:10C2200063F163F163F163F16411641164116411EA
:10C230006C116C116C126C126C326C326C326C3290
:10C240006C326C326C326C326C326C326C326C32FE
:10C250006C536C536C536C536C544AD17C99855B12
:10C260008D9C8DDD961F4B547CDB851B957C84FB60
:10C2700084DB857C855C8D9C8D9D95BC95DC95DCF7
:10C280009DDC95DC9DBB955A94F9ADB9A5995310E9
:10C29000AE1C42CED77FD79FD79FDEFC8C33943322
:10C2A000DE9CCE5BD69CD69CD6BCD6BCD6DCD6DC7F
:10C2B000DEDD8C337BB37BD38414528E7BD37BF453
:10C2C00083F484148414843484348C548C5594966C
:10C2D0007BD29D179CD79D167BF1E73DA597B6199C
:10C2E000FFFFFFFF747474747474747474747474E2
:10C2F00074757475747474747495749574946C54C2
:10C30000F7FFFFFF636F74B57CB57CB57CB57CB57A
:10C310007CB57CB57CB67CD67CD67CD67CD67CF6CF
:10C320007CF67CF67CF685177CF67CF67CF67CF653
:10C330007CF67CF67CF67CF77CF77CF784F7851737
:10C3400085178517853785378537855785578557ED
:10C3500085588D7885788D998DB98DB98DD9641171
:10C3600063F063F163F163F163F163F1641163F10D
:10C3700064116C116C126C126C326C326C326C3257
:10C3800064126C126C126C326C326C326C326C3225
:10C390006C526C536C536C5374734B3074788D7B4C
:10C3A0008DBD8DFD8E3F963F95DE84DB9D9D74583F
:10C3B00084FB8D9D857C8DBD8DBD8DBC95DC95DC14
:10C3C00095DC95DC9DBB9DDB8CD8B5D9B5DAA5791C
:10C3D0003A2CADDCB65DC71FD77E6B4F7370734FC1
:10C3E000A4B58BF2ACF6D67CDEDDDEFDE75E3A0A64
:10C3F0005AED62EE8C367BD483F47BD37BF47C15D0
:10C400008415843584358455845594969CD79CD660
:10C410009CF69CF5F7DF8C539CF69D179D1794F6C0
:10C4200073D0FFFFC65A8494745474747474747413
:10C43000747474747474747474747475749574B559
:10C44000D77EFFFF5B4E74B574B57CB57CB57CB50B
:10C450007CB57CB57CB67CD67CD67CD67CD67CF68E
:10C460007CF67CF67CF67CD67CF67CF67CF67CF65C
:10C470007CF67CF67CF67CF77CF67CF685178517D7
:10C4800085178517853785378537853785378557EC
:10C490008557855885788D998DB98DB98DD963F17A
:10C4A00063F163F163F163F163F163F163F163F1EC
:10C4B0006C11641164116C316C3264126C326C1248
:10C4C000641264126412641264126C326C326C3244
:10C4D0006C326C326C536C536C536C737455957B2B
:10C4E0008DBD8DDE8E1F8E5F967F8D9C851B955B2F
:10C4F00084FB857D8DBD8DBD8DDD95DD95DC95DC69
:10C5000095DC95BC95BB959A8497ADD9B5DAA5799C
:10C51000ADBA7C35A5BB4B10CF1E5AED83F36B50E3
:10C52000B578B578B578A4D6A4B54A2B73B373B3F0
:10C5300073B37BD37BD47BF483F473B27BF47C152D
:10C540008415843584358434843584338C758C75B6
:10C5500073B294F6A557A5589D37A558A5589D3791
:10C56000D6FCFFFFEF7D84725B4E74747474747438
:10C570007474747474747474747474746C74747483
:10C58000D75FFFFF5B4E7495749574B57CB57CB531
:10C590007CB57CB57CD57CD67CD67CD67CD67CD64E
:10C5A0007CD67CD67CD67CD67CD67CF67CF67CF69B
:10C5B0007CF67CF67CF67CF67CF67CF67CF67CF6EB
:10C5C00085177D17853785378537853785378537D3
:10C5D0008557855885788D998DB98DD98DDA63F019
:10C5E00063F063F063F063F163F163F163F163F1AE
:10C5F000641164116411641164126412641264128F
:10C6000064126412641264126412641264126C3252
:10C610006C326C326C326C536C536C536C536C5385
:10C620006C3474756C356C556C746C126C15A67F1B
:10C630007CF98D9C8DDE8DFE8DDE95DD95DD95DDA5
:10C6400095BC95BB95BBADDCADDAADF9AD99A55800
:10C65000ADDA9D58ADDB9D9AC69DC67C73706B515B
:10C660008C55BDDA632EB598630F6B5173B37BB4F1
:10C670007BD47BD47BB37C157BD373B37C157C15C7
:10C6800084157BF47BF484147BF284338C758C7575
:10C690009D1795179D179D379D3684B5BEFEBF3FEC
:10C6A000B6BDFFFFFFFF6C537474747474747474BC
:10C6B000747474747474747474747474749474741A
:10C6C000BEBEFFFF7410749574B5749574B574B5DF
:10C6D0007CB57CB57CD57CD67CD67CD67CD67CD60D
:10C6E0007CD67CD67CD67CD67CD67CD67CD67CD6BA
:10C6F0007CD67CF67CF67CF67CF67CF67CF67CF6CA
:10C700007CF67D177D178517853785378537853703
:10C71000855785588D988D998DB98DD98DD963D0D0
:10C7200063D063F063F063F063F163F163F163F18D
:10C7300063F164116C1164116C116C116C116C114A
:10C740006C126C126C126412641264126412641221
:10C750006C126C326C326C326C326C326C336C53E7
:10C760006C536C536C536C536C536C536C536434F8
:10C77000A6FFB75F6C978DBD95DD961E95DD95BCC8
:10C7800095BC959BA5BB9D99ADDAADD9A558A5786B
:10C79000ADD99D37A55894D8BE5DBE3B73B36B71C0
:10C7A0006B7284144A2C422B6B727BD473B37BD490
:10C7B0007BF57BF473927BF57BD37BD47BF584157F
:10C7C0007BD47BD473B273918433843484337C12EE
:10C7D000849352CCBDB8B596DF7D5C13B71FAF1FF5
:10C7E000961BF7FFFFFF63AF6C747454747474543A
:10C7F00074747474747474747474747474747474F9
:10C800006C74EFDFB5D8747474957495749574B5C1
:10C8100074B574B57CB57CD67CD67CD67CF67CD6DB
:10C820007CD67CD67CD67CD67CD67CD67CD67CD678
:10C830007CD67CF67CD67CF67CF67CF67CF67CF6A8
:10C840007D167D16851785178517851785378537DA
:10C85000855785588D988DB995FA961A8DD963D0DC
:10C8600063D063D063D063D063D063D063F163F1EE
:10C8700063F163F164116411641164116411641152
:10C88000641164126C1264126412641264126412F1
:10C8900064126C126C126C326C326C326C336C330E
:10C8A0006C336C326C326C326C336C336C336C3393
:10C8B00064969EDFA75FA6DEF7FF6C5464536C336B
:10C8C0006C3442AFADDBA5DAADBA9D78ADDAADD947
:10C8D000ADD99D17ADBA94F88CF794D57394C65C16
:10C8E0006330841584156B307372739273B47BD488
:10C8F0007BD57BF57BB37C1463107BD47BF473D343
:10C9000073B373B37BD3739173D28432FFFFDF1C95
:10C91000B619C69BEF9EFFFFFFFFF7DF8CD7FFFF27
:10C92000F7FFFFDFFFFFFFFFF7DFEFBFFFFFFFFFB7
:10C93000FFFFFFFF74326C537474747474747474F6
:10C940007475BEBCDF5D747474957495749574953C
:10C950007495749574B57CB67CD67CD67CF67CF6E2
:10C960007CD67CD67CD67CD67CD67CD67CD67CD637
:10C970007CD67CD67CD67CD67CF67CF67CF67CF6A7
:10C980007D167D1685178517851785178537853799
:10C99000855785588D988D998DD98DD98DB963B06E
:10C9A00063D063D063D063D063D063F063F163F08E
:10C9B00063F163F163F163F063F163F163F163F1D8
:10C9C00063F164116411641164116C1164126412D6
:10C9D0006412641264126C326C326C326C126C32FF
:10C9E0006C326C326C326C326C326C326C336C3355
:10C9F00063F39EBF9F1F7D79EFFF74746C536C339C
:10CA00006C13A5BBA5BAA5B9A5B9A5B9ADB9ADB902
:10CA1000ADD99D57A578B5DA52ED73B26353633241
:10CA20004A6C6B507BD44A4D8435739273B373B4A4
:10CA30007BF57BD452CF8435631073B473B473B376
:10CA400073B373B36B71A5588C957C149D389D5945
:10CA50009D589D58FFFFFFFFFFFFFFFFA578D73FC1
:10CA6000EFDFC6997BEF843094D3BE17C617FFFF64
:10CA7000FFFFEF9EF7DFF7FF7C74745474547474F7
:10CA800074749DDAF7FF7474749474947474749469
:10CA900074747495749574B57CB57CD67CD67CD64C
:10CAA0007CF67CF67CD67CD67CD67CD67CD67CD6B6
:10CAB0007CD67CD67CD67CD67CD67CF67CF67CF686
:10CAC0007D167D177D177D177D178517853785376F
:10CAD0008537857885988D988DB98DB98DB963B076
:10CAE00063B05BB063D063D063D06C1163F063F06C
:10CAF00063F063F063F163F163F163F1641163F177
:10CB000063F163F163F164116C116C116C116C11C0
:10CB10006C126C126C12641264126412641264124D
:10CB200064126C326C326C3284F56C326C336C3360
:10CB30006414AEDF4BF49E9FEFFF74956C546C54FD
:10CB4000A61CA5FBA5BA9D99A599A599A5B9ADB9AE
:10CB5000A5989D58A558A5595AF18C776B736B739E
:10CB6000A5794A8C73927BD38415843563307BF529
:10CB70007BF67BF57BF46B71841473B373937392C0
:10CB8000739284137BF4845594F79D189D59A59A4C
:10CB90009D999D57FFFFFFFFFFFFFFFFF7DFA5DC1C
:10CBA000A5DCA5DDA5FDA61DAE3BADFAFFFFB639A0
:10CBB000FFFFFFFFFFFFCEFBFFFF6BF06C537474B2
:10CBC00074747495CF1E74547474747474947494DF
:10CBD000747474957495749574B57CD57CF67CF6F4
:10CBE0007D177D167CF67CD67CD67CD67CD67CD612
:10CBF0007CD67CD67CD67CD67CD67CF67CD67CF665
:10CC00007D167D167D167D167D167D167D17853762
:10CC100085578557857885788D988DB98DB963B09E
:10CC200063B05BB05BB063D063D063D063D063F0BC
:10CC300063F063F063D063D063F063F063F163F19A
:10CC400063F163F163F164116411641164116C1197
:10CC50006C126C126C12641264126412641264120C
:10CC6000641264126C126C1264126C746C136C1487
:10CC70006C379E5F8E1E9E7E9DD77CF574946C569D
:10CC8000A61CA5DBA5B9A599A599A598A5999D5818
:10CC90009D589D58A579AD7A52905AD063326B5207
:10CCA0009D59A558635073B263507BF48415843446
:10CCB00073B47BF57393739173926B92739252AECC
:10CCC0006B5173928C767C3494F894F89D59A59AA4
:10CCD000A5BA8CB4FFFFFFFFFFFFFFFFFFFFA558C2
:10CCE0008D1A9DBC9DDD9E1D9DFDF7FFA61BAE9D73
:10CCF000FFFFFFFFFFFFDF5DFFFFFFFF7C946C5432
:10CD00006C546C5463F374747474747474747474C5
:10CD100074747495749574B574B574D57CF67D3758
:10CD20009E7B7D177CF67CD67CD67CD67CB57CD56C
:10CD30007CD57CD57CD57CD57CD57CD67CD67CF648
:10CD40007CF67CF67CF67CF67CF67D16853785379E
:10CD500085578557857885788D9885988D985BAFB0
:10CD600063B05BAF63B063D063D063D063D063D094
:10CD700063D063D063D063F063D063D063D063F1DA
:10CD800063F163F163F163F164116411641164117F
:10CD9000641164116C116C116C116C1164126412C9
:10CDA0006412641264126C126412CFFF95FD95DD5B
:10CDB00095DD8DBD95FEAEBD9575F7FFEFFFA63EE7
:10CDC0009DDB9DDA9D99A599A59995389D389D384B
:10CDD0009D5963725B1152B152B163545AF24A8E3B
:10CDE00095389D394A6D6B70528D73927BF57C142A
:10CDF0006B926B5373936B7173926B7273926B71D3
:10CE000084356B726B9173D284349D199D59A59AA8
:10CE1000A5DBEFBFFFFFFFFFFFFFFFFFFFFFFFFFF0
:10CE20009D5A9D7CA5DEA61E9DDBAE7E9E7EAE7DC0
:10CE3000FFFFFFFFFFFFDF5DFFFFFFFFCEDB6C7437
:10CE4000745474546C54747474547454747474744A
:10CE50007474749474947495749574B57CD67D17B9
:10CE60008DD97D377CD674D574D574D574B574B529
:10CE70007CB574B57CB57CD57CD57CD67CD67CD68F
:10CE80007CF67CF67CF67CF67CF67D16853785375D
:10CE9000853785578578857885788D9885985BAFB7
:10CEA0005BAF63B063B063D063D063D063D063D053
:10CEB00063D063D063D063D063D063D063D063D0DA
:10CEC00063F063F163F163F163F164116411641160
:10CED0006411641164116411641164116C126412A0
:10CEE00064126412641264126C126432A69C95BCC3
:10CEF0008D9C8DBD9E1EB67C84D69D9A951CA5BD2D
:10CF0000959A9DBA9D999D9995197C365AF15AF238
:10CF1000529152914A9152915AF35B345B129D188F
:10CF200095189D59A559632F63506B506B727C14F3
:10CF30003A0B63516351633073915B106B7173D320
:10CF40006B726B9273B273D27C1473F495189D9AC2
:10CF5000A5BAD79EFFFFFFFFFFFFFFFFFFFFFFFF09
:10CF6000ADB99D9C9DBDA5DCAE1DA61EA65EA67D91
:10CF7000FFFFFFFFFFFF8492FFFFFFFFFFFF7453E0
:10CF80006C536C536C536C54747474547454747444
:10CF90007474747474747494749574B574B57CF604
:10CFA0007CF67CF674D574D574D574B574B574B547
:10CFB00074B574B574B57CD57CD57CD57CD67CD65F
:10CFC0007CD67CF67CF67CF67CF67D16853785373C
:10CFD00085378557855885788578857885985BAFBE
:10CFE0005BAF5BAF5BAF63B063D063D063D063D044
:10CFF00063D063D063D063D063D063D063D063D099
:10D0000063D063D063F163F163F163F163F163F1C2
:10D010006411641164116411641164116411641168
:10D02000641264126C126C1264126C126412BF1FD0
:10D0300095BD8D7C74387C17CEFE73F473F763B5A1
:10D0400095599DBA9D9A9519635363545AF25AD2D1
:10D0500052D25AD25AD25AF35B135B13633294B74B
:10D0600094F89D18951839EB632F63306B5163105A
:10D07000B5D9633163325AEF63505B1063316B7122
:10D080006B716B9273B273D27BF3847584559D7A06
:10D09000A5DBBEFED7DFFFFFFFFFFFFFFFFFFFFFA8
:10D0A000FFFF9D7CA5DC955A9DFD9DFE9E1EA63C26
:10D0B000FFFFFFFFFFFFF7FFFFFFFFFFFFFF6BF12A
:10D0C0006C336C536C536C336C546C547454745494
:10D0D00074547474747474747474749474B574B58E
:10D0E00074D574D574B574B574B574B574B574B5B8
:10D0F00074B574B57CD57CD57CD57CD57CD57CD5F8
:10D100007CD57CD57CD67CF67CF67D16853785373C
:10D1100085378537855785578578857885785BAFDE
:10D120005BAF5BAF5BAF5BAF63D063D063D063D00B
:10D1300063D063D063D063D063D063D063D063D057
:10D1400063D063D063F163F063F163F163F163F182
:10D1500063F163F163F163F163F1641163F16411ED
:10D16000641164116C126412641264126412B69D2C
:10D1700052F26BD673F77C7A74187C374A916395B8
:10D18000955A9DBA8D19637363545B335B1352B127
:10D190007BF65AF25AF35AF25AF35B135B1263327C
:10D1A0006331A5599D188C978C566330631063309A
:10D1B00094B5422C5B105AEF5B105B1063516B51BE
:10D1C0006B716B716B9173D27BF37C1474149D59EA
:10D1D0009D9BB69EA67CEFFFFFFFFFFFFFFFFFFFBB
:10D1E000FFFF9D37A5BC9D9D9DDD9DFE9E1EA61C3F
:10D1F000FFFFFFFFFFFFFFFFFFFFFFFFFFFFC6BBBC
:10D200006C336C336C336C536C536C536C546C5484
:10D2100074547454747474747474747474947495CD
:10D2200074957495749574957495749574B574B576
:10D2300074B574B574B574B47CD57CD57CD57CD507
:10D240007CD57CD57CD67CF67CF67D1685378537FB
:10D2500085378537855785578577857785775B8FC0
:10D260005B8F5B8F5BAF5BAF5BAF5BAF63B063B09C
:10D2700063B063B063B063B063D063D063D063D096
:10D2800063D063D063D063D063D063F163F163F1A3
:10D2900063F163F063F163F163F163F163F163F1EF
:10D2A00063F163F163F163F1641264115BF26BD4B7
:10D2B0005B136BB66BD76BD7743873F86BD64AB108
:10D2C0009D5A8D198CF8ADBB63535B135AF25AF219
:10D2D00052D194F95AF25AF25AF25B135B13635328
:10D2E0005B1163513A0C8C777C1584787C1652AFB5
:10D2F0005ACE8C535AEF5B10633163106331635124
:10D300006B716B716B9173B373F37C147C347C55CC
:10D31000A5BBA61CB6DFC73FFFFFFFFFFFFFFFFF58
:10D32000FFFFFFFF955B95BD9DBD9DDD9DFEA61C8E
:10D33000FFFFFFFFFFFFFFFFFFFFFFFFFFFFEFDF2D
:10D340006C536C336C336C336C336C536C536C5365
:10D350006C546C54747474547474747474747494DD
:10D36000747474947494749474947494749474959C
:10D37000749574B574B574B574B57CD57CD57CD50D
:10D380007CD574D57CD57CF67CF67D167D167D37F4
:10D3900085378537855785578557855785575B8FDF
:10D3A0005B8F5B8F5BAF5BAF5BAF5BAF5BAF5BAF6D
:10D3B00063B063AF63AF63B063B063B063D063D097
:10D3C00063D063D063D063D063D063D063D063F1A4
:10D3D00063F163F163F163F163F163F163F163F1AD
:10D3E00063F163F163F163F163F163F1CF1F6334C0
:10D3F00052916B966B966BB66BB673D76B956BB59C
:10D400005B128CF98CF86BB28CD74A6E52F052D208
:10D410005B12849663335AF35AF35B1363336B9452
:10D420005B115B116B526B92422D845884587C3790
:10D43000847752EF5B0F6330631063306331635165
:10D440006B716B716B926BB27BF37C147C34845583
:10D4500084969DDBA65DAE5ED77EFFFFFFFFFFFFDC
:10D46000FFFFFFFFE7BF9DBC9D9D9DDD9DFEA61BB1
:10D47000FFFFFFFFBE38FFFFFFFFFFFFFFFFFFFFC4
:10D480006C336C336C336C336C336C336C336C5384
:10D490006C536C536C546C5474547454747474742E
:10D4A000747474947494749474947494749474945C
:10D4B00074947494749474B574B574B574B574B587
:10D4C0007CD574D57CD57CF67CF67D167D167D37B3
:10D4D0007D36853785378557855785577D375B8FEF
:10D4E0005B8F5B8F5B8F5B8F5B8F5B8F5B8F5BAFCC
:10D4F0005BAF5BAF5BAF5BAF5BAF63D063D063D061
:10D5000063D063D063D063D063F063D063D063F043
:10D5100063F163F163F163F163F163F163F163F16B
:10D5200063F163F163F163F163F163F2B61E633497
:10D5300084586B956B956B956B956B7573D663740F
:10D540006BB45B32953963B46BD37C547C348CD62A
:10D5500052D08CF74AD05AF35B1363746B946B947C
:10D560006BB46B73633163314A8E73D5847884975F
:10D570007C3473D06B706B52633163306351635191
:10D5800063516B516B716BB27BF47C147C347C55B2
:10D5900084B6A5DBA5FCAE5D9DDBD7BFF7DEFFFF44
:10D5A000FFFFFFFFFFFFADB89DBD9DDD9DFEAE1AE5
:10D5B000FFFFFFFFFFFFFFFFFFFFFFFFFFFFF7FF83
:10D5C0006C326C326C336C126C136C336C336C33A6
:10D5D0006C336C536C536C536C546C54747474741F
:10D5E000747474747474747474947494749474947B
:10D5F0007494749474B474B574B574B574B574B526
:10D6000074B574D574D57CF67CF67D167D167D17C1
:10D610007D177D3785378537853785377D365B8F35
:10D620005B8F5B8F5B8F5B8F5B8F5B8F5B8F5B8FAA
:10D630005B8F5B8F5BAF5BAF5BAF5BB063D063D087
:10D6400063D063D063D063D063D063D063D063F022
:10D6500063F1641163F163F163F163F063D163D14A
:10D6600063F163F163F163F163F142CF4AF26B95C9
:10D670005B1363756B75639563756B9563746BB6BC
:10D6800063534A9073B48CD77C977C9784B87C970B
:10D6900084978CD75B126B946B946B946B936B94A5
:10D6A0006BB46B9373B36B7252AE73D34A8E5B0FD2
:10D6B0005B0E52ED6B716B716331633163306331BB
:10D6C00063516B516B726BB273F37C147C147C5599
:10D6D000849684D7A5FCA61D9DFC95B8D79EFFFF18
:10D6E000D6BAFFFFFFFFFFFF9D788538A5BBE7BFD8
:10D6F000FFFF9D35FFFFFFDEFFFFFFFFFFFFFFFF87
:10D700006C326C126C336C336C136C136C336C3383
:10D710006C336C336C336C536C53745374746C7320
:10D720007474747474747474747474747494747499
:10D73000749474947494749474B574B574B474B526
:10D7400074B57CD574D57CF67CF67CF67D167D169A
:10D750007D36853785377D367D367D167D165B8F28
:10D760005B8F5B8F5B8F5B8F5B8F5B8F5B8F5B8F69
:10D770005B8F5B8F5B8F5B8F5BAF5BAF63AF63D0A8
:10D7800063CF63CF63CF63CF63D063D063D063F0E5
:10D7900063F16C526C5263F063F163F063D163F038
:10D7A00063F063D063D163D163F1B6DF5B533A2D8D
:10D7B0004ACF63536B7463756BB56B956B956B95C3
:10D7C0006B95635352D0741253316C1584D87C76A8
:10D7D0009D799D3873B46B936B936B746B936B9360
:10D7E00052AF73B2845573D35AEF5AEF631063305C
:10D7F0008C9473F26B716B716B7263516331633034
:10D8000063516B516B926BB273D37C147C147C5557
:10D8100084758CB68CD79DDCA63DA5FBD7FFEFFFAA
:10D82000FFFFFFFFFFFFFFFFFFFFAE3BAE9DEFDF00
:10D83000EFFFCFDFD7FFEFFFFFDEFFFFFFFFFFFFB1
:10D840006C126C126C126C126C126C126C126C33C7
:10D850006C336C336C336C336C336C336C536C7370
:10D860006C73747474747474747474747474747481
:10D870007474749474947494749474B574B474B526
:10D8800074B57CD574D57CD67CF67CF57CF67D169B
:10D890007D167D367D367D167D167CF67CF65B8F9B
:10D8A0005B8F5B8F5B8F5B8F5B8F5B8F5B8F5B8F28
:10D8B0005B8F5B8F5B8F5B8F5B8F5B8F5BB05BAFD7
:10D8C0005BAF5BAF5BAF5BAF63D063D063D063D064
:10D8D00063F06C52641163F063F163D063D063D082
:10D8E00063D063D063D063B05BD1A6BF42EF959A9B
:10D8F00063F352D052D2635363135B346B956B95D1
:10D900006B94637352CF7C33A5BB84D97CB87C778E
:10D91000639284746B726B73635252AF8435845517
:10D920007C357C156B924A6D5AEF5B2F633052EE5B
:10D930007C33741463306B926B9263516351635107
:10D9400063516B516B726B9373B373F47C147C35BE
:10D950007C75849684B69D9A9DFC9DDBD7BFC75E7F
:10D96000F7FFFFFFFFFFFFFFFFFFFFFFBEFDC79FAA
:10D97000B6FCCFDFCFFFCFDEFFFFFFFFFFFFFFFFD4
:10D980006C126C126C126C126C126C126C126C12A7
:10D990006C336C326C326C336C336C336C536C5351
:10D9A0006C5374746C54747474736C737474747492
:10D9B000747474747474749474947494749474B566
:10D9C00074B574D574D57CD57CF57CF57D167D1643
:10D9D0007D167D167D167D167CF67CF57CF55B8FBD
:10D9E0005B8F5B8F5B8F5B8F5B8F5B8F5B8F5B8FE7
:10D9F0005B8F5B8F5B8F5B8F5B8F5B8F5B8F5B8FD7
:10DA00005B8F5B8F5BAF5B8F5BB05BAF63D063D0D3
:10DA100063D063F063F063D063D063D063D063D02E
:10DA200063D063D063D063D05BD13B0F7CF684B707
:10DA300084B67C556BD8845B6BF742715AF26354A1
:10DA40006354637352CF7C337C536BF57478745892
:10DA500074178CB574127414741473F574157414EB
:10DA6000741473B36B926B71633063306350A5575A
:10DA70006391A59B5B316B916B926B9263316331C8
:10DA8000635163516B726B726BB373D374147C35D7
:10DA90007C358496849684B79DDB9DFCC73FB6BCDD
:10DAA000DFDFFFFFFFFFFFFFFFFFFFFFFFFFD77F6E
:10DAB000BF5FC79FCFDEC77DFFFFFFDEFFFFFFFF1A
:10DAC0006C12641164126C126C126C126C126C3257
:10DAD0006C336C326C326C326C326C336C336C5332
:10DAE0006C536C536C536C536C546C746C747474D2
:10DAF000747474747474749474947494749474B426
:10DB000074B574D574D57CF57CD57CF57CF57D1623
:10DB10007D167D167CF67CF674D574D574D55B8F36
:10DB20005B8F5B8F5B8F5B8F5B8F5B8F5B8F5B8FA5
:10DB30005B8F5B8F5B8F5B8F5B8F5B8F5B8F5B8F95
:10DB40005B8F5B8F5B8F5B8F5BAF5BAF5BB05BB003
:10DB500063B063D063D063D063D063D063D063D04D
:10DB600063D063D063B063D095B8D7FF7C759DB99F
:10DB70007C7563537C19743974197C5A7C386354EE
:10DB800073B55B12635174147C126BD274367438A3
:10DB900073F76BF3849474157415741574157C15F0
:10DBA00073D36B92633052CF5B305B305B0FADB899
:10DBB0009D39A5BB953A5AEF6B926B9263516351B5
:10DBC000635163516B716BB26B9373B373F47C14D9
:10DBD0007C357C55847684B78D189DFDA61D9DDA15
:10DBE000DFFFCF7DFFFFFFFFFFFFFFFFFFFFEF9D89
:10DBF0007C72AEBCCFFFC79EE7FFFFFFFFFFE75D74
:10DC000063D163F263F263F26C126C126C326C5388
:10DC10006C736C536C326C326C326C326C336C5390
:10DC20006C536C536C536C5374536C536C536C73D4
:10DC3000747474947494749474947494749474B4A4
:10DC400074B474B474D57CD57CF57CF57CF57D1505
:10DC50007CF57CF57CF574F574D574D574D55B8E44
:10DC60005B8E5B8F5B8F5B8F5B8F5B8F5B8F5B8F65
:10DC70005B8F5B8F5B8F5B8F5B8F5B8F5B8F5B8F54
:10DC80005B8F5B8F5B8F5B8F5B8F5B8F5B905B9042
:10DC90005B905BB05BB05BB05BB05BB05BB05BB04C
:10DCA00063B063B063D0CFBFBF5FAE9C6BD26BF38A
:10DCB0006BB46B766B977C19745A7C1A74196BF879
:10DCC0006B7563544A8E8CD87C34741274135B73F6
:10DCD0006BF773F584947C3574157415741573F4AF
:10DCE0006B9263504AAE63305B30635052CD6BD160
:10DCF0006BF4A5DB6C174ACF6B716B936B9263313E
:10DD0000635163525B50ADFB6B9273B373D373F487
:10DD100074147C357C5684968CD79D9B9DFCA5DB2A
:10DD20009DD7C79ED73DFFFFFFFFFFFFFFFFFFFF10
:10DD3000F7BEEFFFAEDCFFFFBF3EB6FDF7FFFFFF14
:10DD4000636F6BF263F263F26C126C126C526C5381
:10DD50006C736C536C336C126C126C126C126C32F0
:10DD60006C326C336C536C536C536C536C536C73DC
:10DD7000747474B47494749374937494749474B445
:10DD800074B474B474B474D57CD57CF57CF57CF52E
:10DD90007CF57CF574F574D574D474B474D45B8E4E
:10DDA0005B8E5B8E5B8F5B8F5B8F5B8F5B8E5B8E27
:10DDB0005B8F5B8F5B8F5B8F5B8F5B8F5B8F5B6F33
:10DDC0005B8F5B8F5B8F5B8F5B8F5B8F5B8F5B9002
:10DDD0005B905B8F5B8F5B905BB05BB063B05BB065
:10DDE0005BB05B90CF9F6C9874779E5E73F87C39C4
:10DDF00063555B136B96637674187C3A7C396B962B
:10DE00004A916B964A6E84F874366372847473F226
:10DE100063B46BD69D58530F741574157C1573F34A
:10DE20005AEF63506B91635073D26350A5785B7067
:10DE30007C57A5DB6C1784B84AAD6B936B93633149
:10DE40006331635263719DB9ADFB73B26BB373D32E
:10DE500073F474147C357C55847684D79DDC5BD157
:10DE6000E7FF84F3C79EDFFFFFFFD71CFFFFFFFF25
:10DE7000FFFFF7FFEFFFFFFFF7FFB75FBF7FFFFF7A
:10DE80005B0C63F163F263F263F164126C536C53E5
:10DE90006C536C536C326C126C126C126C126C32D0
:10DEA0006C326C326C326C326C536C536C536C53FE
:10DEB0006C7374737473747374736C93749474B4B8
:10DEC00074B474B474D474D474D57CF57CF57CF5D6
:10DED00074D57CD57CD474B474B474D474D45B8E8F
:10DEE0005B8E5B8E5B8F5B8F5B8F5B6E5B6E5B6E47
:10DEF0005B8E5B8E5B8F5B8F5B8F5B8F5B8F5B8FD4
:10DF00005B8F5B8F5B8F5B8F5B8F5B8F5B8F5B8FC1
:10DF10005B8F5B8F5B8F5B9063B05BB05BB05BB024
:10DF20005B905BB17C7A5334C7BF5394743A7C3AAC
:10DF30006BB75AF25B146B976B9674396BD663337D
:10DF40007BF66B75424E84D884D86BF48C76741152
:10DF500074125B52637284957C157C156BB35AEF17
:10DF600063504A8E63506BB26B915B0FA577ADDA4D
:10DF70007CB963F67C7984DA7C3373B36BB36B72F0
:10DF80006352635263709D779D78AE3B6BB36BB306
:10DF900073D4741474157C357C5684969539B6BC4C
:10DFA000C79FDF7DAE39E7FFDFDFCF3DFFFFFFFF1C
:10DFB000FFFFFFFFFFFFAD96FFFFA67CA6FFAEBCF5
:10DFC00063AF63F163F163F263F263F26C126C337B
:10DFD0006C336C3364126C126C126C126C126C1217
:10DFE0006C126C326C326C326C326C526C536C53FF
:10DFF0006C536C536C53747374736C947494749406
:10E0000074B474B474B474D474D474D47CD57CF5FE
:10E010007CD474D474B474B474B474B474B45B8EB7
:10E020005B8E5B8E5B8F5BAF5B8F5B8E5B8E5B8E85
:10E030005B8E5B8E5B6E5B6E5B8E5B8F5B8F5B8FD5
:10E040005B8F5B8F5B8F5B8F5B8F5B8F5B8F5B8F80
:10E050005B8F5B8F5B8F5BB05BB05BB05BB05BB0CB
:10E060005BB063B184794B315C367C3B741A7C3A8B
:10E0700073B85B14635573B763764A915B1263138D
:10E080005AF26B944A8E851984F98CD86BD56B93B0
:10E0900074127C339D787C737C357C353A0C6350EC
:10E0A00063716BD2634F7C136BB26BB1951684D7DF
:10E0B0008519957B84B86C149D374A8D6BB36BB30F
:10E0C000635263516B719537955895166B926BB38C
:10E0D0006BB373F474147C157C5584568476B67CCB
:10E0E000BF7FC77EFFFFBE79F7FFFFFFFFFFFFFF88
:10E0F000FFFFFFFFFFFFFFFFFFFFCEFB9E7DA6BEE2
:10E10000539063F163F163F163F163F16BF16412B6
:10E110006C12641263F163F264126C126C126C1272
:10E120006C126C326C326C326C326C326C326C53FE
:10E130006C536C536C7374737473747374947494BD
:10E14000749474B474B474B47CD474D47CF574D4FE
:10E150007CD474B474B474B4749474B474B35B8EB7
:10E160005B8E63AF63CF63CF5BAF5B6E5B8E5B8EAB
:10E170005B8E5B8E5B6E5B6E5B6E5B6F5B6F5B6F14
:10E180005B8F5B6F5B6F5B6F5B8F5B8F5B8F5B8F9F
:10E190005B8F5B8F5B8F5B905BB05B905BB05BB0CA
:10E1A0005BB063B163746416741A6BB86B776B778A
:10E1B0006B764A716B9652D26B756B955B135B13E2
:10E1C0005B125B1239EC84D884F884B88D196393A0
:10E1D0006372741274119D7774146BD263715B0F48
:10E1E00073D273D2A557426A63507C12B5FA955A1E
:10E1F000855A8539A5BA533084B6849473D36BD4C9
:10E200006B9263316351953795578CD563726BB3BD
:10E210006B9373D46BF474157C157C3584758D57B2
:10E22000BF5FBF7FC73DFFFFF7FFFFFFFFFFE7DED9
:10E23000FFFFFFFFFFFFFFFFFFFFFFFFFFFFAE3A04
:10E2400063D263F163F163F163D163D163D163F1AD
:10E2500063F163F163F1641264126C126C126C323C
:10E260006C326C326C126C126C326C326C326C32FE
:10E270006C526C536C536C537473747374937493C7
:10E28000749374B374B474D474D47CF474F47D153E
:10E290007CD474B4749474947494749474945B8EF5
:10E2A00063AF63F06C106C1063D05B8E5B8F5B8E22
:10E2B0005B8E5B8E5B6E5B6E5B6E5B6E5B6E5B6FD5
:10E2C0005B6E5B6E5B6E5B8F5B6E5B8F5B8F5B6FA2
:10E2D0005B6F5B8F5B8F5B8F5B905B905B905B900A
:10E2E0005B905B70426F6BF96B776B776B776B77DB
:10E2F000845A73F76B956B956B9563956B955AF292
:10E300005B125AF2631184F884F984D88D1895371A
:10E310008CD5532F63706BB17C3363716371635021
:10E3200073F373F2A5B8424A7C127412A5988D7AE1
:10E33000851A5B9284B6953A5B928453639173D449
:10E340006BB36352635184759D789D5795178CD537
:10E350007C5363916B927C1473F47C157C559DD92E
:10E36000B71FB71EB71EC79FEFFFC71CFFFFA5D77C
:10E37000B6BAE7FFFFFFFFFFFFFFFFFFFFFFFFFF53
:10E38000FFFF63B05BB063F163D163F163F163F1ED
:10E3900063F163F163F163F16C126C126C126C3215
:10E3A0006C326C326C326C126C126C326C326C32BD
:10E3B0006C326C326C526C53747374736C737493F0
:10E3C000749374B374B474B474D47CD485759E1788
:10E3D0007CF47494749374937494749374935B6ED8
:10E3E00063AF6C10AE796C316C1063CF63AF5B8F31
:10E3F0005B8E5B8E5B8E5B8E5B6E5B6E5B6E5B6E55
:10E400005B6E5B6E5B6E5B6E5B6F5B6F5B8F5B8F80
:10E410005B8F5B8F5B8F5B8F5BAF5B8F5B8F5B8F8C
:10E420005B9063B063946B986B77637673D76B96EE
:10E430006B956B966B965B136B956B956333631360
:10E440005B135B125B118CF984F98CD9955973F2CB
:10E450008D364B0EB6195B2D52AD63715B306BB1CF
:10E46000741374136BD16BD0F7BF7C12A5D98D7A5E
:10E470007CB98CD58498ADBA8D198C95530E73D315
:10E480006BD46B936B725B509517955895577C7452
:10E490009D98A5D9B65CA5B97C756BD374149DDA2B
:10E4A000B6FFAEBDB6FEB73FCF3DCF5DFFFFF7FF76
:10E4B000BF3EBF5EA67AE7FFE7DEF7FFF7FFFFFF8D
:10E4C000FFFFFFFFFFFFF7FF7CB363D163D163F171
:10E4D00063F163D163F163F16C126C126C126C1214
:10E4E0006C126C126C126C126C126C126C327453D3
:10E4F0006C326C326C526C536C736C7374737493B7
:10E500007473749374B374B374B474B47CF47CF49F
:10E5100074937493749374937494DFBF74935B6E69
:10E520005B8E6C107CB26C306C306C5063EF638F20
:10E530005B8E5B8E5B8E5B8E5B6E5B6E5B6E5B6E13
:10E540005B6E5B6E5B6E5B6E5B6F5B8F5B8F5B8F1F
:10E550005B8F5B8F5B8F5B8F5BAF5BB05B8F5B8F2A
:10E560005BAF5BB0B75F63556B766B965B136B9776
:10E570006B966B966B966B956B756B955B136313D4
:10E580005B135B125B317C9784F984D995187C937B
:10E5900095376BF17C5373F27C31C619632E74127C
:10E5A0007414743473F2ADF9A57684528CD495BA90
:10E5B00084F9953784B89D388CD894F67C327413DE
:10E5C00073D46BB36B726BD2A5989D989D988CF6A3
:10E5D0009D999DB99DB99DB99DB9BE7C73F37C147D
:10E5E000B61BAE7DAEBEB6FFB73ED7DFFFFFF7FF6F
:10E5F000BF5EBF3EB73EBF3EB6FD957695359DD614
:10E60000DFDFD7DFCFBFD7FFD7DFD7DF6C1163D115
:10E6100063F163F163F163F16C12641164126C12C3
:10E620006C126C126C126C126C126C126C126C32DA
:10E630006C326C326C526C536C536C536C537473FD
:10E6400074737473747374937493749374937493F2
:10E65000749374736C736C737493749374935B4E50
:10E660005B6E63AF63EF63EF6C10B6B963EF5B8F04
:10E670005B8E5B6E5B6E5B6E5B6E5B6E5B4E5B6E52
:10E680005B4E5B6E5B6E5B6F5B6F5B8F5B8F5B8FFD
:10E690005B8F5B8F5B8F5B8F5B8F5B8F5B8F5B8F2A
:10E6A0005BB095F9AF7F63756B966B7663956B96F0
:10E6B0006B966B966B966B965B146B955B135AF22D
:10E6C0005B135B125B1184B784F984F9849684949C
:10E6D000951684948D1652EE7C738CF45B6EFFFF5E
:10E6E0006BB07C137C33A5F9D71DFFFF9D157CB55E
:10E6F00095FB9537953AA5BA951784B473F25B4F9D
:10E7000073F473F36BB38CB5B63B9D999D999D984B
:10E710009D989D999DB99DB9A5DAA5FA6BF37C15D5
:10E720007C555310AEBDAEDEAEFF8DB8FFFFF7FFD8
:10E73000BF5FBF3EB73EB73EB71EA5D8A575FFFF6A
:10E74000F7FFF7FFD75D5BB063D063D063D063D0D2
:10E7500063D163F163F163F163F16C1164116412CD
:10E760006C116C126C116411641164116C116C12D7
:10E770006C126C326C326C526C536C536C736C73E5
:10E7800074737473747374737473747374736C7359
:10E7900074736C536C536C536C736C736C535B4E2F
:10E7A0005B4E5B6E5B8E5B8E63CF63EF63AF5B8EA6
:10E7B0005B6E5B6E5B6E5B6E5B6E5B6E5B4E5B4E51
:10E7C0005B4E5B6E5B6E5B6E5B6F5B8F5B8F5B8FBD
:10E7D0005B8F5B8F5B8F5B8F5B8F5B8F5B6F5B8F09
:10E7E000536FAFBF95FC6396847A6BD66B966B962E
:10E7F0006B966B966B966B966B9563135B135B12C4
:10E800005B13631352D04A8F84F984F95B5184B54A
:10E810007433849484D55B0F5B0F5B3063909516E3
:10E820008CF4CEDBFFFF94F4BE7B9D55FFFF8CB3D1
:10E830009D79A5DAA5988CD595156BD174145B2FAD
:10E840006BB174156BD2A5D98D16A578A5B97433A3
:10E8500084D58CD6A5B89DB99DB99DD94ACE73D41F
:10E8600074147C358D58A6BEAEFFD7BFCF5D9DB961
:10E87000B6FEB71EB71EB71EB71EB71EBEFCF7FF0B
:10E88000B69AC7BEF7DF5B8E63F163D063D063D007
:10E8900063D163D163F163F163F163F164116411D6
:10E8A00064116411641164116411641164116C12B7
:10E8B0006C126C126C326C526C526C536C536C73E5
:10E8C0006C736C736C736C536C526C526C526C52F4
:10E8D0006C536C526C526C526C526C526C52532E84
:10E8E0005B4E5B4E5B6E5B6E5B8E5B8E5B6E5B6EE0
:10E8F0005B6E5B6E5B6E5B6E5B6E5B4E534D5B4D3A
:10E900005B6E5B6E5B4E5B6E5B6F5B8F5B8F5B8F7B
:10E910005B8F5BAF5B8F5B8F5B8F5B8F5B8F5B6FA7
:10E920005C12AFDF95FE6BF85B136B756B965B1437
:10E930005B1363546B956B966BB65AF35AF35B1289
:10E940005B135AF24A9052F084F985196BD384B55F
:10E950006C1384B484B4422B5B0F5B30635063B19F
:10E960008D369D97ADF9BE5AFFFFA576FFFFFFFFDD
:10E970009515ADD9ADD89515741284958475849488
:10E98000A5D97C354ACEA5F9A5D97412B63B741227
:10E99000953774329DB89D989DB99DB97C9573D378
:10E9A00073F47C15A5DAAEBEAEDED79EBEFD9D9B90
:10E9B000957BBF3EB71EB73EB71EB71EB71EB71D2D
:10E9C000C71DC6DBC7BEFFFF63D063F163D063D052
:10E9D00063D063D063F163F163F163F163F16411B8
:10E9E0006411641163F163F16411641164116C11B9
:10E9F0006C126C126C326C326C526C526C526C52E7
:10EA00006C526C526C526C526C526C526C326C3256
:10EA10006C326C326C526C526C526C526C52532D84
:10EA2000532D5B4D534D5B6E5B6E5B6E5B6E5B6E31
:10EA30005B6E5B6E534E534E5B6E5B4E534E534E4E
:10EA4000534E5B6E5B6E5B6E5B6F5B8F5BAF63D0D9
:10EA500063B063B05B8F5B6F5B8F5B8F5B8F4B2EA5
:10EA6000AF3E64565B3463555B125AF363336334D1
:10EA700063545B135B136B966BB65B135B135B1298
:10EA80005B135B134A8F5AF07C7785197C3584B50C
:10EA90009D9884D584B5849463705B0F63506371D3
:10EAA000A5D99DB7A5D8AE19B65AF7FFB618FFFF7E
:10EAB000FFFF7C3195157C1173F184B584956BF162
:10EAC000A5D97C54B61AB65BAE1AA61A9557ADFAFC
:10EAD0009D778CF595569D98A5B9A5DA9DB95B7083
:10EAE00073F473F39599AE9E9DFAA65AB6DE8D1B0C
:10EAF000959DAE5D7CB39576A5F8BEDCBEFD9556C2
:10EB0000AEDCC7FFBFFFA639FFFF63D063D163D080
:10EB100063D063D063D063D063D063F163F163F1FA
:10EB200063F163F163F163F16411641164116411C1
:10EB30006C126C126C326C326C526C526C526C52A5
:10EB40006C526C526C326C326C326C326C326C3295
:10EB50006C326C326C326C326C326C326C32532DE3
:10EB6000534D5B4D5B4D5B4E5B4D5B6E5B6E5B6E09
:10EB70005B4E5B4E5B4E5B4E534E534E534E534E6D
:10EB80005B4E5B6E5B6E5B6E5B6F5B8F63D06C31FD
:10EB90006C5263D05B8F5B6F5B6F5B6F5B6FBF3E75
:10EBA00063F6635463555AF36B956B9563556B9598
:10EBB0006375633463335AF25AF26B945B125B13DE
:10EBC0005B135B1252B05AF184978D1A84B784D5C7
:10EBD00084B5849484B484B584B48494ADD86BB083
:10EBE00073D27412ADF9B65A9DB7EFDF94F4FFFFFC
:10EBF000E77DFFFFBE7A7C538CB595167C3374128B
:10EC0000AE3ABE7BA5D9B67BA5FA95579DD9BE9CD9
:10EC10009D9874538CF59D779D789DB9A5DAA5D9FB
:10EC2000B67DB6BDB6DEB6BEB6BC9E1B5394953D52
:10EC3000959DA65CEFFFFFFFFFFFFFFFFFFFE71CB7
:10EC4000C7BFB7DFB7DFBFDFD77DE77D63D063D056
:10EC500063B063B063D063D063D063D063F163F11A
:10EC600063F163F163F163F163F1641163F16C11BA
:10EC7000641164116C116C326C326C526C326C32F7
:10EC80006C316C316C326C326C116C116C116C1219
:10EC90006C326C326C326C326C326C126C32532DC2
:10ECA000532D532D5B4D5B4D5B4D5B4D5B4E5B4E72
:10ECB0005B4E5B4E534E534E534E534D534D534D3F
:10ECC0005B6E63AF5B8E5B6E5B8F5B6F5BAF6C325B
:10ECD00074B463D05B8F5B6F5B6F532EB67D6395AF
:10ECE00073B65B336B555B145B146334633452B19E
:10ECF0005B1252D163546333635463545B32424FAB
:10ED00004A4F5AD15AF15AF13A2D7C986C148CD54D
:10ED100084D67C94849584B584B584B584D56C12EE
:10ED200073D26BB16BD173F242ADB65BB67AAE18EB
:10ED3000B639FFFFF7FF94F47C538C958495849447
:10ED4000BE9BAE1A9517B67BAE7BAE19ADF9BE9CD5
:10ED50003A2A9D57AE1AB65B84D59D78A5D99DB940
:10ED6000A5DAA5DAAE5C9DFAB6DEA63C84DB8D1D85
:10ED7000955B8D7AEFDEFFFFFFFFFFFFFFFFFFFFD9
:10ED8000C7DFB7BFB7DFB7DFBFDFCF7EEFBE6C1126
:10ED900063B063B063D063D063D063D163D063F1F9
:10EDA00063D163F163F163F163F163F163F16411C2
:10EDB0006411641164116C116C326C326C116C1141
:10EDC0006C116C116C116C116C116C116C116C115B
:10EDD0006C116C126C126C116C116C116C11532D46
:10EDE000532D532D532D534D5B4D5B4D5B4D534D6B
:10EDF000534D534D534D532D534D534D534D534D33
:10EE00005B4E5B8E5B8E5B6E5B6E5B6F5B8F63B02E
:10EE100063B05BAF5B8F5B6F534EC79F63956BB700
:10EE2000533473D75B345B34635463546334637417
:10EE30005B1252F25B3342705B3363546353635330
:10EE4000635452D163325B124AAF8CB895197C126D
:10EE50007C748CF67C94849584B584B484B59537A1
:10EE600052EE6BD373F37C347C347C747C74849466
:10EE700084B59D97B639FFFFF7BF74109515953788
:10EE80007C944B4E94F7C6DDAE5AAE19AE3AC6DC52
:10EE90007C344AADADD99D77A5F99DB8BEBD63D18F
:10EEA0008D3795579DB8AE9C9E7D8CF98D1D84FC49
:10EEB0008D3DEFFFEFBEC638FFFFF7DEFFFFFFFF20
:10EEC000BF5EB7BFB7BFB7BFB7BFB7BFCF1C5B4D44
:10EED00063B063B063B063B063D063B063B063D05A
:10EEE00063D063D063D063F063F163F163F163F1E6
:10EEF00064116411641164116C116C116C116C114A
:10EF00006C116C116C1164116411641164116C1139
:10EF10006C116C116C116C116C116C116C11532D06
:10EF2000532D532D5B4D5B4E534E5B4E5B4D5B4DF6
:10EF30005B4D532D532D532D534D5B4E534D534D20
:10EF4000534D5B4E5B6E5B6E5B6E5B6E5B6F5B6FC0
:10EF50005B8F5B6F5B6F5B4E5B6FA77F4392AEFF18
:10EF600063B56B75633463545AF373B66B9563750D
:10EF700063756B756354635463334A916B94637424
:10EF800063546354635352B163125B125B11422B9F
:10EF9000849484B595377C747C948CF68D178CF6AC
:10EFA000847363716BD373F374147C3484758CD65F
:10EFB00095178CF66C11BE7AC6BBFFFFFFFFFFFFF3
:10EFC00074314B2D9D98BEBCAE5A9DD8AE5AD71EFB
:10EFD0007C567C367C354AAEA5789D779D989DB849
:10EFE0009DB995B99DDAAEFEAE7D849A7C7B8CFC92
:10EFF000851D955C8471FFDEFFFFFFFFFFFFFFFFB4
:10F00000B69AAF3EB7BFB7BFB7BFB7DFB7BFB65946
:10F010004ACB63B063B063B063B063B063B063B056
:10F0200063D063D063D063D063D063F063F163F1E6
:10F0300063F163F16411641164116411641164116A
:10F040006411641163F163F1641163F164116C1173
:10F050006C116C116C116411641164116C11532DDD
:10F06000532D532D5B4D74715B8E5B4E5B8E5B4DF0
:10F07000532D532D530D532D534D5B4E532D532D67
:10F08000534D534D534D534E5B4E5B4E5B6E5B6E1B
:10F090005B6E5B6E5B6F5B4E5B4FA77FA79F84F8D9
:10F0A000635563556B7563756375637563756B75D0
:10F0B00063756B75637563546334635463544A6F4B
:10F0C0006BB463546354637463535B325B315B10A2
:10F0D00052ED7C737C947C7484B584B58D168CF66B
:10F0E00095165B2F6B9273D373D374147C34845551
:10F0F00084968CD79538A599A5B995369535F7DFBF
:10F10000FFFFFFFFFFFFFFFFC6798471B67952ED65
:10F1100084777C377C367C157416741573F57C15F2
:10F1200074354B106C148D1784BA8CFD7C7B8D1D4F
:10F130007CBB851C9D79FFFFFFFFDFDFFFFFFFFF2B
:10F14000F7FFAF3FB7BFAFDFAFBFAFBFAFBFAF7F5F
:10F150009DD87C5163B063B063B063D063D063D09B
:10F1600063D063B063D063D063D063F063F063F0C7
:10F1700063F063F063F063F163F163F163F163F1F2
:10F1800063F163F163F163F163F163F163F163F0E0
:10F1900063F063F063F063F063F063F063F0532DAA
:10F1A000532D532D5B4D63AE5B6D534D5B4D532D16
:10F1B000532D532D530D532D532D532D532D532D6F
:10F1C000532D5B4E534D534D534E534E534E5B4E4A
:10F1D0005B4E5B4E5B4E534E3AEDA79FC73F637449
:10F1E00063556B75635563556375637563756375B7
:10F1F000635563756B756B75637563546334633303
:10F20000635252D1635463536352633139EA39EB29
:10F2100052EE7C737C537C747C53849484D58CD55F
:10F2200084B44A8C637163716B926BB273F37C1418
:10F230007C3484758CB68CF79538A5DAA5FAAE1BAC
:10F24000A5F9E79FFFFFFFFFFFFFF7FFEFFFF7DFE6
:10F2500073AFF7FFFFFFFFFFC65A8CB5A578847721
:10F26000847884BA84DB84BB84DD84FD8CFD7C7A65
:10F2700063D77CBB8CFCE7BFFFDEEFBFB67CFFFF34
:10F28000FFFFAEDDA73FB7BFAF9FAF9FAF9FA77F89
:10F29000A73E9DD7741063F05BAF5BAF63B063D0E4
:10F2A00063D063D063D063D063D063D063D063D0C6
:10F2B00063F063F063F063F063F063F063F063F0B6
:10F2C00063F063F063F063F063F063F063F063F0A6
:10F2D00063F063F063F063F063F063F063F0532D69
:10F2E000532D532D532D534D532D532D532D532DFE
:10F2F000532D530C532D530D530D532D532D530D8F
:10F30000532D532D532D534D534E534E534E534E59
:10F31000534E534E5B4E536EAF9E43705B3363341C
:10F3200063346354637563756355635563556355FF
:10F330006355635563756B756375637463336333CA
:10F3400063325B1252D03A6C534E74537C747C73AC
:10F350007C747C537473639063909D7784B58494BC
:10F360008CB484536B9173B26BD26B926BB273D3C8
:10F3700074147C34847584968CD795179D589D7928
:10F38000A5FBA5FBAE5AF7FFEFFFEFFFF7FFEFFF7F
:10F39000F7FFF7FFF7FFF7FFFFFFFFFFFFFFFFFF9D
:10F3A000F7DF6BD094F984BB84BC84DC84FD84DCFF
:10F3B00084BB955E84DB953DFFFFFFFFE77DBE5A72
:10F3C000FFFFB65A969DA71FAF7FA75FA75FA73F16
:10F3D000A73FA73F8DB763AF5BB05BAF5BAF63AFDA
:10F3E00063D063D063D063D063D063D063D063D085
:10F3F00063D063F063F063F063F063F063D063D0D5
:10F4000063D063D063D063D063D063D063D063D064
:10F4100063D063D063D063D063D063F063F0532DC7
:10F42000532D530D530D530D530D530C530D530CBE
:10F43000530C530C4B0C4B0C530D530D530D532DC0
:10F44000532D532D532D532D532D532D534D534D7C
:10F45000534E534E534D7D55BFDF63726334633457
:10F4600063346354635463556355635563556374E0
:10F4700063746374637463746375637563746354F2
:10F480005B325B30DFFF7D1574535B906BF26390F2
:10F4900063907C9474539D57951684B584948474BA
:10F4A00084736BD0632F63505B0F6BB273F37C1468
:10F4B00073F373F47C34845584958CB68CF795176C
:10F4C00095389559EFFFDFFFD7DE5B8E7C53A5D8CB
:10F4D000E7FEBEFDB6FFB71FB73FDFFFF7FFFFFF39
:10F4E000FFFFFFFFFFFF9D5784DA84DD84DD84FD8D
:10F4F0008CDC7C5A8D3C84DCA5BAFFFFFFDFA53491
:10F50000FFFFF7FFAEFFA6FFA6FFA73F9F1F9EFFCF
:10F510009EFF9EFF96BD7D566BCF63B0638F5BAF42
:10F5200063AF63B063B063D063D063D063D063D0A4
:10F5300063D063D063D063D063D063D063D063D033
:10F5400063D063D063D063D063D063D063D063D023
:10F5500063D063D063D063D063D063D063D0532DC6
:10F56000530C530C530C530C530C530C530C530CA3
:10F57000530C4B0C4B0C4B0C530C4B0C530D4B0DB9
:10F58000532D532D532D532D532D534E532D532D5A
:10F59000532D532D4B2DAF1D53105B335B335B331A
:10F5A0006354635463546355635563746374637441
:10F5B00063746374637563756374637563746354B0
:10F5C000532FCFFF74B442ED74347C957C957C75D9
:10F5D0007C9484B57C747C5384B57C537C73847335
:10F5E000847374117C3284738473E71D73D273F354
:10F5F0007C147C358476847694D784968CB68CF78C
:10F600008CF79538C75FC77F4B2E953784D58CB460
:10F61000CF7EB65AAEDEAF1FAF1FAF1FB73FBEFDE6
:10F62000F7FFFFFFFFFFFFFFFFFF8CFB84DC84DCA5
:10F6300084DD84BC84B984FA8D38FFFFFFFFFFFFAF
:10F64000A577FFFF8537A6DF9EDF9EBF9EBF96BFD3
:10F6500096DF96DF96DF9EFFBEDB6BD063AF5BAFBE
:10F660005BAF63B063B063AF63D063B063B063D0CC
:10F6700063D063D063D063D063D063D063D063D0F2
:10F6800063D063D063D063D063D063D063D063D0E2
:10F6900063B063D063B063B063B063B063D0532D25
:10F6A000530C530D530C530C4AEC52EC4AEC4AECFD
:10F6B0004AEC4B0C4B0C4B0C4B0C4B0C4AEC530DCB
:10F6C000530D532D532D532D532D532D532D532D5A
:10F6D000530D534EB6DBD79F5AF25B3363546354DA
:10F6E00063546354635463746374637463746354E2
:10F6F00063746374637463746374637463743AAD42
:10F70000BFBD6C94743374537C957C957C957C95CB
:10F710007C949516639084947C947C9484947C521D
:10F720007C538CB48493847384738493FFDF5AEE88
:10F73000637173D37C148456847684B78CD78CF829
:10F74000955ABEBFAE9DCF5F84938D168D179536AB
:10F75000F7FFDF7EB6FFAEFFAF1FB71FAF1FAF3F94
:10F76000B73FBF1EEFFFFFFFFFFFF7BF7C7B84DCCF
:10F7700084BC84BC7C7B5B91E79EFFFFFFFFFFFFA7
:10F78000FFFF9536F7DFA6BF9E9F963E961E9EBF53
:10F79000969F969F96BF96BF9EDFEFFF63D15BB0AB
:10F7A00063CF63D063CF63AF63B063B063B05BAF6D
:10F7B00063B05BAF5BAF5BAF63B063B05BAF5BAFDE
:10F7C0005BAF63B063B063B063AF5BAF63AF5BAFBE
:10F7D00063AF63B063AF63AF63AF63AF63B0530C4A
:10F7E000530C52EC530C52EC52EC4AEC4ACC4AEC1F
:10F7F0004AEC4AEC4AEC4AEC4B0C4B0D4AED4B0DF3
:10F80000530D532D532D532D534D534D532D532DD8
:10F81000532D534FA69C5B3263336354635463543C
:10F820006354635463546354635463546354635420
:10F83000635463546374637463756BB5430DC7FF9E
:10F8400085167C5474537C547C747C747C957C95B4
:10F850007C947C947C947C94849484B47C736BD0EE
:10F8600052CE5AEE84527C53847384738493847290
:10F870006B4F633163507C147C3584768496849717
:10F880008CD8AE1DAE5C74128493847384948CF611
:10F890008D169557E7DFCF3DAEBDB71FA6DEB71F6C
:10F8A000AF1FAF1FC7BFF7FFFFFFFFFFBE3D84DCE9
:10F8B00084BC84BC84BC74396350FFFFFFFFFFFF2E
:10F8C000FFFF6BF19D78AE9D9E9F963E95DD8DDD91
:10F8D000967F967F969F969F969F9EBEE7FF6C337E
:10F8E0006BF0641063CF63B063AF5BAF63AF63AFC4
:10F8F00063AF5BAF5BAF5BAF5BB05BB05BB05B8FCD
:10F900005B8F5BB05BAF5BAF5BAF5BAF5BAF5B8FE6
:10F910005B8F5B8F5BAF5BAF5BAF5BAF5BAF530C82
:10F9200052EC4AEC4AEC4AEC4AEC4AEC4AEC4AEC1F
:10F930004AEC4AEC4AEC4AEC4AEC4AEC4AEC4B0CF6
:10F940004B0C530D530D532D5B4D5B4D532D532DD0
:10F95000530D6452AE3C6354635363546354635415
:10F9600063546354635463546354635463546354DF
:10F97000635463546354637463733A6CB79D74B493
:10F980007413745374537C74745474747C947C95A1
:10F990007C947C947C947C947C749D3673D15ACEF8
:10F9A00052CE5ACF52CE52CE52CE5AEE5B0E5B0F93
:10F9B0005B0F5B0F633063506B727C55845684978A
:10F9C000B63DA5DB4AEE7C1384757C755B6F7C517C
:10F9D0009516953795579557FFFFFFFFAE39B71E20
:10F9E000B6FFAF1FAF1EDFFFFFFFFFFFFFFF8CDB88
:10F9F00084BC84BC84BB7C7B7418FFFFFFFFFFFFCB
:10FA0000FFFFF7FF955AAEBD965E963E95DD8D9C45
:10FA100095DE963F8E7F8E7F8E7F969F9EDEF7FFD0
:10FA200063D0A61763F063CF5BAF5BAF5BAF5BAF39
:10FA30005BAF5BAF5BAF5BAF5BAF5B8F5B8F5B8FD6
:10FA40005B8F5B8F5B8F5B8F5B8F5B8F5B8F5B8F66
:10FA50005B8F5B8F5B8F5B8F5B8F5B8F5B8F52EC02
:10FA600052EC4AEC4AEC4AEC4ACC4ACC4ACC4ACC5E
:10FA70004ACC4AEC4AEC4AEC4AEC4AEC4AEC4AECF6
:10FA80004AEC530C530D5B2D74515BAE532D532D2B
:10FA9000530DAE9C4AF05B3363336353633463545A
:10FAA000635463546354635463546354635463549E
:10FAB000635463746374635342CDB77C8D776BF288
:10FAC00074546C3352AE52CE52CE4AAD74337C95E0
:10FAD00084B57C94849584944AAD5ACE52CE52CF4C
:10FAE00052CE5ACF52CF5ACF52CE5ACF5AEF5AEFA8
:10FAF0005AEF5B0F633063306351635173D37415F6
:10FB00009D9AA55973D273F3741484978CD88CD6AC
:10FB1000D6FDCEBB84528CD595178CD5BE5AFFFF2F
:10FB2000FFFFFFFF5BAFC73DFFFFFFFFFFFF9D59DB
:10FB300084BB84BC849C7C7B7C998CB6FFFFFFFFDC
:10FB4000FFFFF7FF8CF7A67D9E5E961D95BC959CEA
:10FB50008D5C95DD8E1E8E5F8E7F967F969F9EBEFE
:10FB6000EFDF95976C1163AF5B8F63AF5B8F638F34
:10FB7000638F638F5B8F5B8F5B8F5B8F5B8F5B8F25
:10FB80005B8F5B8F5B8F5B8F5B8F5B8F5B8F5B6F45
:10FB90005B8F5B8F5B8F5B8F5B6F5B6F5B6F4AEC29
:10FBA0004ACC4AEC4AEC4ACC4ACC4ACC4ACC4ACC65
:10FBB0004ACC4ACC4ACC4AEC4ACC4AEC4AEC4AEC15
:10FBC0004AEC530C530D532D536D5B4D532D530D78
:10FBD0004AECB6DE52B052D15B125B33633363340E
:10FBE00063336333633363546354635463346354E0
:10FBF000635463746B7463737453747463D1743338
:10FC00007433530F52CF52CE52CF52CF5AEF84B5E6
:10FC10007C53426B52AD5AEF5ACE5AEF5AEF5AEF1D
:10FC20005AEF52CF5ACF5ACF5ACF5AEF5AEF5AEF14
:10FC30005AEF5B0F5B106330633063306351ADBBD1
:10FC40009517424C6B916BD273F47C7684768497D3
:10FC500084D78CD78D1784958452FFFFF7FFC65A3F
:10FC60008CD3FFFFFFFFFFFFFFFFFFFFE73CCEBB93
:10FC70008CB7849A849B7C5A84D9FFFF8CB684D637
:10FC8000855CEFFFF7FF9E1C9E5D961D95DC8D9CAD
:10FC90008D5C8D3B8D5C95FE8E3F967F967F96BFEB
:10FCA000A6FEF7FFA5B8536F5B8F5B8F5B8F5B6E14
:10FCB0005B6E5B6E5B6E5B6E5B8F5B8F5B6E5B6FB9
:10FCC0005B6F5B6E5B6E5B6E5B6E5B8F5B6E5B6ECA
:10FCD0005B6E5B6E5B6E5B6E5B6E5B6E5B6E4ACC8F
:10FCE0004ACC4ACC4ACB4ACB4ACC4ACC4ACC4ACC66
:10FCF0004ACC4ACC4ACC4ACC4ACC4AEC4AEC4AECF4
:10FD00004AEC4AEC530C530D532D530D530C530C2A
:10FD1000530DADBA5AD052D052D152D15B12633387
:10FD20006333633363335B335B3363336333635313
:10FD30006353635463335B325B3174338CF66BD142
:10FD40006C335B7052CF52EF52EF52CF5ACF52CF3B
:10FD500052EF5ACF5ACF5AEF5AEF5AEF5AEF5AEFA3
:10FD60005AEF5AEF52CE5ACF5ACF5ACF5AEF5AEFD4
:10FD70005AEF5B0F5B0F5B10633063305B3095189D
:10FD80009D376B9163716B9274157C157C357C5536
:10FD900084768476849684B684D684D584D59D363C
:10FDA000F7FFF7BE9D368CB4ADD8DF5DEFDFAD97C2
:10FDB000639084987C5A7C5984F9FFFFF7FF84BADA
:10FDC0008D5CEFDFF7FF95BB9DFC9E1D95DD8D9C47
:10FDD0008D5C853B851B851B8DDE8E3F8E7F969FC0
:10FDE0008EBFAEFEFFFFA5B85B6F5B6E5B8F5B8F58
:10FDF0005B6E5B6E5B6E5B6E5B6E5B6E5B6E5B6EBB
:10FE00005B6E5B6E5B6E5B6E5B6E5B6E5B6E5B6EAA
:10FE10005B6E5B6E5B6E5B6E5B6E5B6E5B6E4ACB4E
:10FE20004ACB4ACB4ACB4ACB4ACB4ACB4ACC4ACC28
:10FE30004ACC4ACC4ACC4ACC4ACC4ACC4ACC4AECF2
:10FE40004AEC4AEC4AEC4AEC530C4AEC530C530C87
:10FE5000530C52CE52B052D052D052D052D152D076
:10FE600052D05AF15AF15AF15B125B125B125B12DB
:10FE700063125B1263325B125B12424C7C5484B49B
:10FE800063D1745374333A4B424C52CE7C5384B496
:10FE9000530E5AEE52CE52CE52CF5ACF52CE52CFEE
:10FEA00052CE52CE52CE52CE5ACF5AEF5AEF5AEFCE
:10FEB0005AEF5AEF5B0F5B0F5B10633063518CB6E8
:10FEC0008C95635063516BB373F473F474147415AD
:10FED0007C157C347C547C558495849484958CD694
:10FEE0008D178CF6F7DF8CF795599D78B5D8FFFF05
:10FEF0007C37847A7C7A7C398D1AFFFF8CB87C59E8
:10FF00008D1CFFFFF7FF95BB95BB95DC95BC8D9CC9
:10FF10008D5B8D3B851B8CFB851B8DDE8E1F8E5F65
:10FF20008E7F96DFAEDEF7FF84B3534F5B4E5B6E82
:10FF30005B6E5B6E5B6E5B6E5B6E5B6E5B6E5B6E79
:10FF40005B6E5B6E5B6E5B6E5B4E5B6E5B6E534EB1
:10FF50005B4E5B4E5B4E5B4E5B4E5B4E534E4ACBF5
:10FF60004ACB4ACB4ACB4ACB4ACB4ACB4ACB4ACBE9
:10FF70004ACB4ACB4ACB4ACB4ACB4ACC4ACC4ACCD6
:10FF80004ACC4ACC4AEC4AEC4AEC4AEC4AEC4AEC01
:10FF90004AEC4ACE4A8E52D052D052D05AD052D089
:10FFA00052D052D052D05AF152D052D05AF15AF1C6
:10FFB0005AF15AF15B115B115B125B11849574333A
:10FFC0006BD1741274537C74745374537C747C744A
:10FFD00084B594F64AAD52CE52CE52CE52CE52CEC7
:10FFE00052CE52CE52CE52CE52CE52CF5AEF5AEFBE
:10FFF0005AEF5AEF5AEF5B0F5B105B109D187C13A2
:020000040801F1
:10000000426C633063516350639273D373D473F45F
:1000100073F373F374137C137C347C347C547C74DE
:10002000849584B5FFFF7C756C12F7FFFFFFFFFF1F
:1000300084977C7A7C5A74188D19F7FF7C79849A9E
:100040008CFBF7FFC6BCA61C959B957B95BC959C2D
:100050008D7B8D5B8D3B84FA851B853B8DBE8E1F12
:100060008E3F967F9EBFA67CFFFFEFDF430D5B8F29
:100070005B6E5B6E5B6E5B6E5B6E5B6E5B6E5B6E38
:100080005B6E5B4E5B4E5B4E5B4E534E534E534E20
:10009000534E534E534E534E532E534E534E4ACB04
:1000A0004ACB4AAB4ACB4AAB4ACB4AAB4AAB42AB50
:1000B00042AB4AAB42AB4ACB4ACB4ACC4ACC4ACC05
:1000C0004ACC4ACC4ACC4AEC4AEC4AEC4AEC4AECE0
:1000D0004ACD5BB53A2E5AD052D052D052D052D0DF
:1000E00052D052D052D052D052D05AF15AF15B1164
:1000F0005B115B115B115B115B125B126B517C74CA
:1001000074547C547C5474537C537C7374537C546B
:100110007C737C737C736B9052CE52AE52CE52CEB7
:1001200052AE5ACE5ACE52CE52CE52CE52CF5ACFD5
:100130005AEF5AEF5AEF5AEF5AEF5B107C34635084
:100140006350635163515B10637163716BB26BD326
:100150006BD36BD273D273F373F37413741374137E
:100160007C347C34FFFF8CF67C969D77FFFFFFFF8D
:100170008CD87C397C3973F7AE3CA57B7C197C59D3
:100180008CDAFFFF8D168D7A957B8D5A8D5B957B72
:100190008D5B8D3B8D3B8D1A84FA84FB851C8DBE57
:1001A0008E1F8E3F8E5F969FA69DFFFFFFFF7C7385
:1001B0005B4E534E5B4E534E534E534E534E5B6EFF
:1001C0005B6E534D534E534E534E534D534D532D23
:1001D000532D532D532D532D532E5B2E532D42CB88
:1001E00042CB4ACB4ACB42AB42AB42CB42CB42ABF7
:1001F00042AB42AB42AB42AB42AB4ACB4ACB4ACB1F
:100200004ACB4ACB4ACB4ACC4ACC4ACC4AEC42AD48
:100210007CD7857C7478ADBB52CF52905AF152D0C6
:1002200052D052D052F05AF05AF15AF15AF15AF1D2
:100230005B115B115B115B115B115B115B125B105E
:1002400074127C748CF674337C94745374737C7461
:1002500084947C537C537C536BB05AEE52AD52AEB7
:1002600052AE52CE52CE52CE52CE52CE52CF5ACFA4
:100270005AEF5AEF5AEF5AEF5AEF5AEF73F35B0FF8
:100280005B0F6372637263926B92635163506B9105
:100290006BB26BD26BD26BB273D26BB26BD273D2C6
:1002A0008CB68CD673F29DB9AE5DCF7EFFFFFFFF9B
:1002B00094F77C3974187417B65F74197C397C39DB
:1002C000849AF7FF9D99959B8D7B9DDC955A8D7B3C
:1002D0008D5B8D3B8D3B8D3B84FA84DA84FB851CE2
:1002E00095DE8DFF8E1F8E3F969FAEBDFFFFFFFFF9
:1002F000ADD9534E534D534D534D534E534E534E14
:10030000534D534E534D534D532E532D532D532D6B
:10031000532E532D532D532D532D532D532E42AB6E
:1003200042AB42AB42AB42AB42AB42CB42CB42AB25
:1003300042AB42AB42AB42AB42AB42AB4AAB4AAB45
:100340004ACC4ACC4ACC4ACC4ACC4ACC52ED7CD698
:10035000A6BD74587CBA7CDA853A42F0D6FF3A4E94
:1003600052D052B05AF15AF15AF153115AF15AF18E
:100370005AF15AF15AF15AF15AF15B125B115B12C0
:1003800063517C336C127C545B70743374337C53D4
:100390007C5373F17C537C326BD073B052CD52CE10
:1003A0005AEE5AEE52CE52CE52CE5ACE5ACF5ACFE3
:1003B0005ACF5AEF5AEF5AEF5AEF5AEF6350632F62
:1003C0005AEF633063516B7263726B926B9152AEF2
:1003D0006B916BB273D27C1374126BB252EFB5DABD
:1003E00095176B9173B27C3463D2CF7FFFFFFFFF11
:1003F0007BF27C1873F773D6A59E7418741873D7A4
:100400007417FFFF957A8D7A955A8D1A5BB3957B99
:100410008D5A8D3A8D3A8D1A851A84DA84DA84FBE6
:10042000853D8DBF8DFF8E1F8E1F967FC75FFFFF9F
:10043000FFFFADD84B0D532D534E534D534D532D00
:10044000532D532D532D532D532D530D532D532DCC
:10045000530D530D532D530D532D532D534E42AB6E
:1004600042AB42AB42AB42AB42AB42AB42AB42AB24
:1004700042AB42AB42AB42AB42AB42AB42AB42AB14
:1004800042AB42AB42AB4ACC4AAB42AD6C74CFFFFD
:1004900074787CBA7CBA853B855B855B853C84FB44
:1004A000851A5BD4BEFE8D593AB0531152D05AF121
:1004B00052F15AD15AF05AF15AF15AF05AF05AF010
:1004C0005AF152CF74127412743374538CF57C74D5
:1004D00074127C327C328CB47C1274118C937BD07D
:1004E0007BF18C734A6B5AEE52CE52CE52CE5ACF1B
:1004F0005ACF5ACF5ACF5AEF5AEF52CF5B105B0FF9
:100500005B0F63305B0F63506351637163716350C2
:100510004AAD52CE6B917C12953884967417955AD9
:100520009D59639073D26BD27413F7FFFFFFFFFFE7
:100530006BB073F773B56BB5847973F873D773D6F3
:1005400073B5426B8D598D5A8D5A8519955A9D9B5D
:100550008D3A8D3A8D3A8D1A851A8CFA84DA84DABE
:100560008D1C8D5D95DE8DDF8E1F8E1F965FDFDF0C
:10057000FFFFFFFFE79F42ED5B6E532D532D532D81
:10058000532D532D532D532D532D532D532D530D8B
:10059000530D530D530D530D534D534E5B6E428A05
:1005A000428A42AB428B42AB42AB42AB42AB42AB24
:1005B00042AB42AB42AB42AB4ACB42AB42AB42ABAB
:1005C00042AB42AB42AB4AAB4ACD6C74CFFF74989E
:1005D0007C9974B9851B853B853C851B851C851CD6
:1005E000851C851C855C857C8D9B95FD53F3C71F01
:1005F000B6DE853842CF52F05AF05AF15B115AF10B
:100600005AF05AF05AF04A8D424A7411741273F239
:100610007412530E74127C327412741173F173D00D
:1006200073F173F16BB08C93424B52CE5ACF5ACECA
:100630005ACE5ACE5AEF5AEF5AEE5ACF5B0F422B90
:100640005B1063516330634F63506350635063309A
:100650006330635063515B0F95388CD57437849940
:10066000A5BBB6196B916BB26BD26B927BF0FFFF9F
:10067000FFFF73F66BB56B957C1873F86BB66B95D3
:100680006372A59A8D798D5A8D598D198D199D9BFF
:10069000957B8D3A8D3A8D1A8D1A8D1A84FA84FBCA
:1006A00084FB8D1C8D3D8DBE8DFF8DFF8E1F963E74
:1006B000C6BCFFFFFFFFF7FF8D154AEC532D532DEE
:1006C000532D532D530D530D530D530D4B0D530DF2
:1006D0004AEC4B0C4B0D530D532D5B4E534E428A3F
:1006E000428A428A42AB42AB42AB42AB42AB42ABE4
:1006F00042AB42AB42AB42AB42AB42AB42AB42AB92
:1007000042AB42AB42AB4AAC6C74BF9E74D87C998E
:100710007C9A851B851B853B7CFB851B7CFB851C94
:10072000851C853C857D859D859D859D961F85BD08
:100730008DBD95BC95DC3AAE42EFBE7EC6DEC6DE10
:1007400074144A8E5B115AF05B103A2A7C52741270
:100750006BD1426B63B08473741174117C11528B32
:100760006B8F7C1173D07BF15ACC3A09528D52CEEB
:1007700052CE52CE5AEE5AEE5AEE5AEF5AEE4A8DF9
:100780005B1063516331424D5B2F632F63305B30ED
:100790005B3063306330424C9518532FADDC7418D6
:1007A0006C16AE3B73B06BD26B916391FFFFFFFF92
:1007B000FFFF6B946B946B9473D66BD66B956B94B5
:1007C0005B0F95798D5A8D398D598D3984F984F95E
:1007D000A5DC84F98D1A8D1A8D1A8D1A8D1A84FA5A
:1007E0008D1B8D1C8D3C853D8DDE8DFF8DFF8E1FFD
:1007F0009E5FEFDFFFFFFFFFF7DFADD8530D530D17
:10080000530D4B0D4B0C4B0C4B0C4B0D4B0D4AED44
:100810004B0C4B0C4AED530D532D532D534D428A27
:10082000428A428A428A428A428A428A428A428A68
:10083000428B428B42AB428B42AB428B42AB42ABD0
:1008400042AB42AB42CC6412C7FF7D1874997C99CD
:1008500084DA84FA851B84FB84FB84FC851C853C3C
:10086000855C857D857D859D859D74DA8DDE85BD64
:10087000859D85BD8DBD8DBD8DBC95FD95FD9DBCBA
:1008800063918CF68CD6426C5AED7C3273F17C12FB
:1008900073F16BB073F173F1636F636F422A52AD02
:1008A00052AD5AED52CD52AD52AD52AD52AD52AEE7
:1008B00052CE52CE52CE5ACE52CE5B0F5ACE52CEDE
:1008C00063305B306330633052CE5B0F5B0F5B0F86
:1008D0005B0F5B305B309D378CF795179D7A7437D3
:1008E0007457BEBCF7FF6B91A5B99D79FFFFFFFF61
:1008F000FFFF6BB46B946B9473F66B956B946B9377
:100900003A2C955A8D598D398D398D198D1984F957
:1009100084D98D3863B28CD98CFA8D1A8CFA8D1AE1
:100920008D1B8D3B8D3C8D3C853C8DBE8DFF8DFFA1
:10093000965F9E3EFFFFFFFFFFFFFFFFBE594ACCC1
:10094000532D530D4B0C4AEC4B0C4B0C4B0C4AECFF
:100950004AEC4AEC4AEC4B0C4B0C532D532D428A7B
:10096000428A428A428A428A428A428A428A428A27
:10097000428A428A428A428B428B428B42AB42ABD2
:1009800042AB428C5BB1C7FF7CD87C787C987CB949
:100990007CDA7CFA7CDA7CDB7CDB84FB851C855C86
:1009A000857C857D857D859D8DBD85BD85BE857D4F
:1009B0008D9D8DBD85BD85BD8DDD8DFE857C9D9B11
:1009C00084D684D584B54AAC73F25B4F73D073F18F
:1009D0006BD06BD073F173F173F16B8F52AC52AD7E
:1009E00052AD52AD52AD52AD52AD52AD52AD52AD0F
:1009F00052AE52CE5ACE5ACE52CE5AEE5ACE5ACECF
:100A000063105B3063305B10633063305B0F5B0FF0
:100A10005B0F5B0F5B0F8CB595598CF78CD67CB850
:100A2000955C8D57BEDBA5979538953984B4FFFF4B
:100A3000FFFF6B926B736B746B946373637452F010
:100A40008CD78CF9955A8D398D398D198D188D1952
:100A500084FA84F98D18530E84968CF98D1A8D1AA8
:100A60008D1A8D3B8D3B8D3D8D3C8D3D8DBE95FF13
:100A7000961F963F9E3CFFFFFFFFFFFFFFFFFFFF1C
:100A8000A5974B0D4B0C4AEC4AEC4AEC4AEC4AEC6D
:100A90004AEC4AEC4AEC4AEC4B0C4AEC4AEC428AEF
:100AA000428A428A428A428A428A428A428A428AE6
:100AB000428A428A428A428A428A428A428A42AAB6
:100AC000428C63F1CFFF7CD8745774787C987CB9E2
:100AD0007CD974997C997CBA7CDA851B853C855CD1
:100AE000857C857C857D8D9D961F85BD859C8D9C97
:100AF000859C8D9C8D9C85BD8DFE85BC855B5B71C9
:100B000084D584B58CF66BB07412741173F16BD00C
:100B1000741173F173F173F173F152CD528D52ADC3
:100B200052AD52AD52AD52AD52AD52AD52AD52ADCD
:100B300052AD52AE52CE52CE5ACE52CE52CE4A8D37
:100B40005AEF5B305B105B105B105B0F5B2F5B0F32
:100B50005B0F637094D68CD695389538849584D77E
:100B6000853AAE7D63AEFFFF951795389D78FFFF00
:100B7000FFFF6B9263536B7363746373635352CF62
:100B80008CF884B884F995598D1885188D188D19AD
:100B90008D3A84FA8D1AAE1B42AB42AD84968D1A03
:100BA0008D1A8D3B8D3B8D5C8D5D8D3D8D5D95BE34
:100BB00095FE963F963FA63BFFFFFFFFFFFFFFFF1F
:100BC000FFFFBE7A42AC4AEC4AEC4AEC4AEC4AECF3
:100BD0004AEC4AEC4AEC4AEC4AEC4AEC4AEC426AEF
:100BE000428A428A428A428A428A428A428A428AA5
:100BF000428A428A428A428A428A428A428A42AC73
:100C00005BD19E5A7CD87457745874787C987CB8A1
:100C10007C987C997C997CB97CBA851B853B855CEA
:100C2000855C855C855B8D9D857C857D857C857CF3
:100C30008D9C857C857C8DFD8DDE855B84D8A5793A
:100C400084D6849494F574126BB073F16BD06BD02E
:100C500073D173F173F173D1528C528D52AD5ACD61
:100C60005ACE5ACE5AEE5ACE5AEE5AEE5AEF5AEEA3
:100C70005AEE5ACE5AEE52CE5ACE52CE5AEE422B9F
:100C80005AEE5B0F5B0F5B0F5AEF5B0F4A8D73F2EF
:100C90008C958C9584759538953895388CD57C7461
:100CA00095599DFCEFFFC6DB741195389537FFFF12
:100CB000FFFF6BB263526353635363735AF18CF754
:100CC00084F984D87C9784D88D398D1884F884F978
:100CD0008D198D1A84FA7CB8AE194AEC4AEC4AEEAA
:100CE00084B6955A957B959C8D5C8D5D8D5D8D7DD3
:100CF00095BD95DD963F965FEFFFFFFFFFFFFFFF7E
:100D0000FFFFFFFFFFFF428B4AEC4ACC4AEC4ACC84
:100D10004AEC4AEC4AEC4AEC4AEC4AEC4AEC000059
:100D200000000000000000000000000000003F4044
:100D300000000000000000003000400030004000D3
:100D4000000009000BC03D000BC03D00090018C0A9
:100D500024407FE0224031800000180024C01B00A6
:100D60000D803240018003801C4027401C800740DA
:100D700000401000600000000000000000000000C3
:100D8000000000001F802040402000004020204044
:100D90001F8000000000090006001F8006000900F7
:100DA0000000040004003F80040004000000001064
:100DB00000600000000000000000040004000400C7
:100DC00004000400000000000040000000000000DB
:100DD0000000002001C006003800400000001F8015
:100DE0002040204020401F800000000010403FC0F5
:100DF00000400000000018C021402240244018405C
:100E0000000010802040244024401B80000002008D
:100E10000D0011003FC0014000003C8024402440F0
:100E20002440238000001F8024402440344003805D
:100E300000003000200027C03800200000001B8088
:100E40002440244024401B8000001C0022C022407B
:100E500022401F8000000000000008400000000049
:100E6000000000000000046000000000000000001E
:100E700004000A0011002080404009000900090018
:100E800009000900000000004040208011000A0015
:100E900004001800200023402400180000001F80D8
:100EA0002040274029401F400000004007C0390073
:100EB0000F0001C0004020403FC0244024401B8060
:100EC00000001F8020402040204030800000204053
:100ED0003FC0204020401F80000020403FC02440F1
:100EE0002E4030C0000020403FC024402E00300083
:100EF00000000F001080204022403380020020407C
:100F00003FC0040004003FC02040204020403FC0BC
:100F10002040204000000060202020203FC0200012
:100F2000200020403FC024400B0030C02040204023
:100F30003FC020400040004000C03FC03C0003C014
:100F40003C003FC0000020403FC00C4023003FC099
:100F500020001F802040204020401F8000002040B3
:100F60003FC024402400180000001F802140214081
:100F700020E01FA0000020403FC02440260019C0F0
:100F8000004018C02440244022403180000030003E
:100F900020403FC020403000000020003F80004043
:100FA00000403F80200020003E0001C007003800C4
:100FB0002000380007C03C0007C038000000204077
:100FC00039C0060039C0204000002000384007C06A
:100FD000384020000000304021C02640384020C06A
:100FE0000000000000007FE04020402000000000E2
:100FF00070000C00038000400000000040204020F2
:101000007FE0000000000000200040002000000001
:101010000000001000100010001000100010000070
:1010200000004000000000000000000002800540B9
:10103000054003C0004020003FC00440044003803E
:10104000000000000380044004400640000000004F
:101050000380044024403FC000400000038005405E
:10106000054003400000000004401FC0244024400D
:101070002000000002E005500550065004202040EA
:101080003FC00440040003C000400000044027C0EB
:1010900000400000000000100010041027E00000D5
:1010A000000020403FC00140070004C00440204031
:1010B00020403FC000400040000007C0040007C0BF
:1010C000040003C00000044007C00440040003C043
:1010D000004000000380044004400380000004102E
:1010E00007F0045004400380000000000380044027
:1010F000045007F00010044007C002400400040040
:101100000000000006400540054004C0000000004B
:1011100004001F80044000400000040007800040DD
:10112000044007C000400400070004C0018006001E
:101130000400060001C0070001C0060000000440D2
:1011400006C0010006C0044000000410071004E0BF
:101150000180060004000000044005C00640044071
:1011600000000000000004007BE0402000000000C0
:1011700000000000FFF000000000000040207BE0C5
:10118000040000000000400080004000200020001B
:10119000400000000000000000000000000000000F
:1011A00000000000000000001FCC000C0000000048
:1011B00000000000080030006000080030006000FF
:1011C0000000022003FC1E20022003FC1E2002203F
:1011D000000000000E1811043FFF10840C7800007E
:1011E00000000F0010840F3800C0077818840078C2
:1011F000000000780F8410C411240E9800E40084CD
:1012000000080800680070000000000000000000F6
:10121000000000000000000007E018182004400251
:101220000000000040022004181807E00000000041
:1012300000000240024001800FF0018002400240A5
:1012400000000080008000800FF800800080008097
:1012500000000001000D000E000000000000000072
:10126000000000000080008000800080008000807E
:1012700000800000000C000C0000000000000000D6
:101280000000000000060018006001800600180041
:101290002000000007F0080810041004080807F0F8
:1012A00000000000080408041FFC00040004000003
:1012B000000000000E0C10141024104411840E0CB9
:1012C000000000000C1810041104110412880C70A6
:1012D0000000000000E00320042408241FFC002478
:1012E000000000001F981084110411041088107071
:1012F0000000000007F0088811041104188800702D
:10130000000000001C00100010FC13001C00100066
:10131000000000000E3811441084108411440E386F
:10132000000000000700088C10441044088807F0F3
:101330000000000000000000030C030C000000008F
:101340000000000000000001010600000000000095
:101350000000000000800140022004100808100472
:10136000000002200220022002200220022002208F
:101370000000000010040808041002200140008052
:10138000000000000E001200100C106C10800F0006
:10139000000003E00C1813E4142417C4082807D035
:1013A00000000004003C03C41C40074000E4001C93
:1013B000000410041FFC1104110411040E880070B5
:1013C000000003E00C1810041004100410081C1096
:1013D000000010041FFC100410041004080807F09B
:1013E000000010041FFC1104110417C41004081895
:1013F000000010041FFC1104110017C010000800A9
:10140000000003E00C181004100410441C78004085
:10141000000010041FFC10840080008010841FFC5A
:1014200010040000100410041FFC1004100400003D
:10143000000000030001100110011FFE1000100049
:10144000000010041FFC110403801464181C100415
:10145000000010041FFC1004000400040004000C31
:10146000000010041FFC1F0000FC1F001FFC1004E4
:10147000000010041FFC0C04030000E010181FFC07
:10148000100007F00808100410041004080807F002
:10149000000010041FFC10841080108010800F00CA
:1014A000000007F0081810241024101C080A07F286
:1014B000000010041FFC1104110011C011300E0CAB
:1014C000000400000E1C11041084108410441C3809
:1014D00000001800100010041FFC10041000180079
:1014E000000010001FF810040004000410041FF88E
:1014F000100010001E0011E0001C007013801C0082
:1015000010001FC0103C00E01F0000E0103C1FC096
:1015100000001004180C163401C001C01634180C59
:10152000100410001C00130400FC13041C00100025
:1015300000000804101C1064108413041C0410180C
:1015400000000000000000007FFE40024002400258
:101550000000000030000C0003800060001C00034D
:10156000000000004002400240027FFE0000000038
:10157000000000000000200040004000400020006B
:101580000000000100010001000100010001000154
:1015900000010000400040002000000000000000AA
:1015A000000000000098012401440144014400FCB3
:1015B000000410001FFC0088010401040088007072
:1015C000000000000070008801040104010400888C
:1015D00000000000007000880104010411081FFCD5
:1015E0000004000000F8014401440144014400C823
:1015F00000000000010401040FFC1104110411009B
:101600001800000000D601290129012901C901069D
:10161000000010041FFC008401000100010400FC14
:10162000000400000104190419FC00040004000077
:1016300000000000000300010101190119FE000073
:10164000000010041FFC0024004001B4010C010440
:1016500000000000100410041FFC0004000400003F
:101660000000010401FC0104010001FC010401006F
:1016700000FC010401FC008401000100010400FCE5
:101680000004000000F8010401040104010400F852
:101690000000010101FF00850104010400880070C1
:1016A000000000000070008801040104010501FF32
:1016B00000010104010401FC008401040100018017
:1016C0000000000000CC0124012401240124019821
:1016D000000000000100010007F8010401040000FF
:1016E0000000010001F8000400040004010801FCEE
:1016F0000004010001800170000C001001600180F5
:10170000010001F0010C003001C00030010C01F0BB
:10171000010000000104018C00740170018C0104BF
:101720000000010101810171000E001801600180BB
:10173000010000000184010C013401440184010C0A
:101740000000000000000000000001003EFC40021C
:1017500040020000000000000000FFFF0000000049
:1017600000000000400240023EFC010000000000BA
:101770000000000060008000800040004000200069
:101780002000000000000000000000000000000039
:101790000000000000000000000000000000000049
:1017A0000000000000000000000000000000000039
:1017B00000000000000F80380FFE380F8038000056
:1017C0000000000000000000000000000000000019
:1017D0000100000600000C00003800003100000687
:1017E00000000C0000380000300000000000000085
:1017F000000061800067F807F98000618000618067
:101800000061800061800067F807F9800061800056
:10181000000000000000000001C0E003E0F006301E
:10182000080418081FFFFE040E080787F00381E074
:1018300000000000000001F000060C00040408068F
:101840000C7001F9C0000E00003BE000EC18070826
:1018500008040C180003E00000000001E00007F09D
:1018600003F818041C0804170807E1D003C0E000BF
:1018700023B0003C08002008000010000000000019
:10188000000100003100003200001C0000000000D8
:101890000000000000000000000000000000000048
:1018A0000000000000000000000000000000000038
:1018B00000007F0001FFC00780F00C00181000043A
:1018C0002000020000000000002000021000040CB4
:1018D00000180780F001FFC0007F0000000000003A
:1018E00000000000000000000000000000004200B6
:1018F000006600006600003C0000180003FFC00006
:101900001800003C00006600006600004200000075
:10191000000008000008000008000008000008009F
:1019200001FFC000080000080000080000080000D7
:10193000080000000000000100003100003200003B
:101940001C0000000000000000000000000000007B
:101950000000000000000000000008000008000077
:101960000800000800000800000800000800000847
:101970000000080000080000000000000000000057
:1019800000003800003800003800000000000000AF
:101990000000000000000000000000000000000047
:1019A0000000000600001C000070000180000E0016
:1019B00000380000C0000700001C000030000000DC
:1019C0000000000000007F8001FFE003807006003F
:1019D0001804000804000806001803807001FFE0E6
:1019E000007F8000000000000000000001000801EE
:1019F000000801000803FFF807FFF80000080000D6
:101A00000800000800000000000000000001C038CD
:101A100002C05804009804011804021804041806AF
:101A20001C1803F81801E0F8000000000000000096
:101A30000001C0E003C0F00400080408080408081E
:101A400006180803F41801E7F00001E000000000A8
:101A50000000000000000300000D00001100006104
:101A60000000810803010807FFF80FFFF8000108D4
:101A70000001080000000000000000E007FCD006A4
:101A80000808061008061008061008061838060F81
:101A9000F00607C0000000000000000000003F80CA
:101AA00001FFE00384300208180410080410080441
:101AB0001008071810030FF00007C0000000000016
:101AC0000000000003C0000700000600000600F848
:101AD0000607F806180006E00007000006000000F0
:101AE000000000000001E1E003F7F00634100418E4
:101AF00008041808040C08040C0806161803F3F070
:101B000001C1E000000000000000F80003FC300309
:101B1000063804020804020804020804041003083A
:101B2000F001FFC0007F0000000000000000000086
:101B30000000000000000000000070380070380055
:101B400070380000000000000000000000000000ED
:101B50000000000000000000000000000000301A3B
:101B600000301C0000000000000000000000000029
:101B70000000000000000000000800001400002227
:101B8000000041000080800100400200200400109D
:101B900008000800000000000000210000210000F3
:101BA000210000210000210000210000210000216F
:101BB00000002100002100000000000000000000E3
:101BC000080008040010020020010040008080008E
:101BD0004100002200001400000800000000000086
:101BE0000003C00004C000040000080038080F38DB
:101BF0000808380810000C300007E00003C000009F
:101C00000000000000003F8000FFE0038070020F32
:101C10001006708804C088048308047F8802C0907E
:101C200003012000FE400000080000180001F80039
:101C30003E0801C20007020007E20000FE00001F8C
:101C4000C80001F800003800000804000807FFF889
:101C500007FFF80408080408080408080408080630
:101C6000180803F41801E7F00001E000000000008C
:101C700000003F8001FFE0038070020018040008AC
:101C80000400080400080400100600200780C000BB
:101C9000000004000807FFF807FFF804000804002C
:101CA0000804000804001802001003807001FFE01F
:101CB000007F8000000004000807FFF807FFF80419
:101CC0000808040808040808040808043E0804007A
:101CD0000806001801006000000004000807FFF873
:101CE00007FFF804080804080004080004080004BA
:101CF0003E00060000060000018000000000000019
:101D000000003F8001FFE003807006001804000817
:101D10000402080402080203F00783F00002000036
:101D2000020004000807FFF807FFF804080800088D
:101D30000000080000080000080004080807FFF879
:101D400007FFF80400080000000000000400080479
:101D5000000804000807FFF807FFF8040008040063
:101D60000804000800000000000000000000000659
:101D70000000070000010400010400010400030743
:101D8000FFFE07FFFC040000040000040000040044
:101D90000807FFF807FFF8040C08001800003E00D1
:101DA00004C7800503C80600F804003804001800C2
:101DB000000804000807FFF807FFF8040008000007
:101DC00008000008000008000008000008000018D3
:101DD00000006000000004000807FFF80780080703
:101DE000FC00007FC00003F80007C00078000780F7
:101DF0000807FFF807FFF804000804000807FFF8C9
:101E000007000803C00000E000003800001E0000CA
:101E100007000001C00400F007FFF8040000000004
:101E200000007F8001FFE0038070060018040008B6
:101E300004000806001803003001FFE0007F800066
:101E4000000004000807FFF807FFF8040408040472
:101E500000040400040400040400060C0003F8005D
:101E600001F000000000000000007F8001FFE0039F
:101E700080700600880400880400C806003C030047
:101E80003E01FFE6007F8400000004000807FFF821
:101E900007FFF8040808040800040C00040F0004FD
:101EA0000BC00610F003F03801E008000008000045
:101EB0000001E0F803F03006301004180804180898
:101EC000040C08040C080206180207F00781E00061
:101ED000000001800006000004000004000004006F
:101EE0000807FFF807FFF8040008040000040000DA
:101EF00006000001800004000007FFE007FFF00477
:101F00000018000008000008000008000008000099
:101F10000804001007FFE0040000040000060000B1
:101F200007E00007FE00041FE00001F80000380091
:101F300001E0043E0007C0000600000400000400A9
:101F40000007E00007FFC0041FF80007C007F80003
:101F500007FF80043FF80007C004F80007000004F2
:101F6000000000000004000806001807C07805F112
:101F7000C8003E00001F800463E80780F8060018D0
:101F800004000800000004000006000007800007AD
:101F9000E008047C08001FF80007F800180804E0B7
:101FA000080700000600000400000000000100080F
:101FB0000600380400F80403E8040F08047C080550
:101FC000F00807C0080700180400600000000000C7
:101FD000000000000000000000000000003FFFFEC5
:101FE0002000022000022000022000022000020047
:101FF000000000000000000008000007000000C012
:10200000000038000006000001C000003000000E93
:10201000000001000000000000000000200002207D
:1020200000022000022000022000023FFFFE00000C
:1020300000000000000000000000000000000000A0
:1020400000000008000010000030000020000030F8
:102050000000100000080000000000000000000068
:10206000010000010000010000010000010000016A
:10207000000001000001000001000001000001005B
:10208000000100000000000000000020000020000F
:102090000010000010000000000000000000000020
:1020A0000000000000000000000000F00019F8002F
:1020B0001B18002208002608002408002410003FF6
:1020C000F8001FF8000008000018000000040000DD
:1020D00007FFF80FFFF00018180010080020080094
:1020E0002008003018001FF0000FC00000000000A2
:1020F000000007C0001FF000183000200800200872
:10210000002008003C08001C1000006000000000D7
:1021100000000000000007C0001FF0003818002079
:102120000800200800200804101007FFF80FFFF037
:102130000000100000000000000000000007C000C8
:102140001FF000123000221800220800220800327E
:1021500008001E10000E20000000000000002000FB
:1021600000200800200801FFF803FFF806200804FB
:1021700020080420080720000300000000000000E1
:102180000000000E000E6E001FF30031B10020B100
:102190000020B1003191001F13002E1E00200E0000
:1021A000300000000004000807FFF80FFFF80010DF
:1021B00008002000002000002008003FF8001FF861
:1021C00000000800000000000000000000200800DF
:1021D0002008002008063FF8063FF800000800002D
:1021E00008000008000000000000000000000000DF
:1021F000000003000003002001002001002003066E
:102200003FFE063FFC000000000000000000000050
:102210000004000807FFF80FFFF800018800030022
:10222000002FC00038F80020380020080000080007
:102230000000000000000000040008040008040082
:102240000807FFF80FFFF80000080000080000086A
:10225000000000000000002008003FF8003FF800E8
:102260001008002000003FF8003FF8001008002090
:1022700000003FF8003FF8000008000000002008C0
:10228000003FF8003FF80010080010000020000098
:102290002008003FF8001FF80000080000000000C0
:1022A000000007C0000FF0001830003008002008C0
:1022B000002008003008001830000FF00007C000B0
:1022C0000000000000002001003FFF003FFF001061
:1022D00011002009002008002008003038001FF0FD
:1022E000000FC00000000000000007C0001FF00049
:1022F0003818002008002008002009001011001FD5
:10230000FF003FFF0000010000000020080020083F
:10231000002008003FF8003FF800080800100800FF
:102320002008002000003000003000000000000005
:1023300000000000000C78001E180033080023087D
:102340000021080021880021980030F0003860004A
:10235000000000000000200000200000200000FF1E
:10236000F003FFF8002008002008002008000030DB
:10237000000000000000000000002000003FF0000E
:102380007FF8000018000008000008002010003F3F
:10239000F8007FF0000010000000000000002000A6
:1023A000003000003C00003F800023F00000780077
:1023B0000070002380003C0000300000200000205E
:1023C00000003C00003FE00023F80000E000270090
:1023D000003E00003FE00021F80001E0003E000068
:1023E0002000000000002008002008003838003ECF
:1023F000680027800003C8002CF800383800201837
:102400000020080000000000000020000030030051
:102410003C01003F830023EC000070002380003C5F
:10242000000020000020000000000000000000006C
:102430000038080020380020F80023E8002F88002A
:102440003E0800380800201800007000000000005E
:102450000000000000000000000000000000080074
:102460000014001FF7FC30000620000200000000EE
:10247000000000000000000000000000000000005C
:1024800000000000FFFFFF0000000000000000004F
:1024900000000000000000000000000020000230EA
:1024A00000061FF7FC0014000008000000000000F8
:1024B0000000000000000000000000000018000004
:1024C00060000040000040000020000010000008F4
:1024D00000000400000400000C00001000000006D2
:1024E0001016000610160000000000000000010297
:1024F00003040607080900000000010203040000AD
:1025000004FA97999999D93FAF788E1DC571CC3F40
:102510009FC678D0099AC33F935555555555E53F09
:10252000599322942449D23FDE03CB966446C73F99
:1025300044523EDF12F1C23F0000000000000000E4
:102540000000B33FB2BE7D3A00002E40DFCF5138CD
:1025500000007E40BF51FABA00E0A44019DAC3BAC5
:1025600000E0C840C2ED8AB90040EB40CD1F2CBA54
:10257000001006412AFFFABA00C01541DFCFD1375B
:1025800000D024419A97703A0050334189478E36E3
:1025900000404141E75B9D3800B04E41C00A98B908
:1025A00000A05B41558F943A00306841DA92C0BA7E
:1025B0000040744162B3C63A0000803F00A0853FEE
:1025C00000908B3F00C0913F0030983F00F09E3F4D
:1025D00000F0A53F0050AD3F0000B53F0000BD3FFB
:1025E0000060C53F0020CE3F0040D73F00C0E03F25
:1025F00000C0EA3F0020F53F000000007D36AC3906
:102600007D3C3839EBDCF438320A7E39124C2639FD
:102610009B6AED39A4EE83397F661E39F6398A3913
:102620002B426539A48211395B991F39C3EECD392C
:10263000DDE7C637A5A22F390000803FC3AA853F3A
:10264000C2958B3FD3C3913FF037983F32F59E3F01
:10265000D7FEA53F3F58AD3FF304B53FA408BD3FAB
:102660002A67C53F8C24CE3FFD44D73FDFCCE03FF7
:10267000C7C0EA3F7D25F53F0000000000000000D4
:1026800002400000000000A0000000000540000023
:10269000000000C8000000000C4000000000409C4A
:1026A00000000000194000000020BCBE0000000037
:1026B00034400000BFC91B8E00000004B54000007C
:1026C000504BCFD06607E2CF010000006C41000004
:1026D0003E8251AADFEEA73401000000D94200007B
:1026E000DCB5A0E23A301F97FFFFFFFFB4450000C2
:1026F000FD25A0C8E9A3C14FFFFFFFFFFF3F00007A
:102700000000008000000000FF3F0000000000808B
:10271000000000005027010800000020C000000059
:10272000C401000810280108C000002058AD0000B6
:10273000E00100081C00000043000000F8FFFFFF5C
:102740000C0000000E0000000F0000002E00000032
:102750000000000000000000000000000000000079
:102760000000000000000000000000000100000167
:102770000000000000000000000000000000000059
:102780000100000000000000000000000100000047
:102790000000000000000000000000000000000039
:1027A0000100000000000000000000000000000028
:1027B0000000000000000000000000000000000019
:1027C0000100000000000000000000000000000008
:1027D00000000000000000000000000000000000F9
:1027E00000000000000000000000000000000000E9
:1027F00000000000000000000000000000000000D9
:102800000000000010000000010000000024F4009F
:040000050800018965
:00000001FF
